date,port,vessel_type,vessel_availability,open_vessel,availability_date,regional_vessel_supply,active_route_observations,avg_wait_hours,source,source_type
2021-01-01,Chennai Port,MR Tanker,6.81,1.65,2021-01-01,86.56509440742451,93,24.861290322580643,"DERIVED: historical freight route activity + port wait-time; monthly vessel-supply proxy, not broker-reported open positions",DERIVED_PROXY
2021-01-01,Chennai Port,Panamax,5.64,1.37,2021-01-01,65.4933846992042,62,23.760322580645163,"DERIVED: historical freight route activity + port wait-time; monthly vessel-supply proxy, not broker-reported open positions",DERIVED_PROXY
2021-01-01,Chennai Port,Supramax,6.61,1.53,2021-01-01,82.94715295003373,62,31.556290322580644,"DERIVED: historical freight route activity + port wait-time; monthly vessel-supply proxy, not broker-reported open positions",DERIVED_PROXY
2021-01-01,Kamarajar Port (Ennore),MR Tanker,5.58,1.34,2021-01-01,64.42052721289946,62,25.745645161290323,"DERIVED: historical freight route activity + port wait-time; monthly vessel-supply proxy, not broker-reported open positions",DERIVED_PROXY
2021-01-01,Kamarajar Port (Ennore),Panamax,4.16,0.95,2021-01-01,38.85247343562379,31,32.965161290322584,"DERIVED: historical freight route activity + port wait-time; monthly vessel-supply proxy, not broker-reported open positions",DERIVED_PROXY
2021-01-01,Kolkata / Haldia Dock Complex (HDC),Handysize,6.4,1.41,2021-01-01,79.20893012688612,93,38.47387096774194,"DERIVED: historical freight route activity + port wait-time; monthly vessel-supply proxy, not broker-reported open positions",DERIVED_PROXY
2021-01-01,Kolkata / Haldia Dock Complex (HDC),MR Tanker,6.3,1.36,2021-01-01,77.37716695098392,93,41.86354838709677,"DERIVED: historical freight route activity + port wait-time; monthly vessel-supply proxy, not broker-reported open positions",DERIVED_PROXY
2021-01-01,Paradip Port,Capesize,6.24,1.32,2021-01-01,76.31270591750616,93,43.833333333333336,"DERIVED: historical freight route activity + port wait-time; monthly vessel-supply proxy, not broker-reported open positions",DERIVED_PROXY
2021-01-01,Paradip Port,MR Tanker,4.0,0.88,2021-01-01,36.070138828602936,31,38.11387096774193,"DERIVED: historical freight route activity + port wait-time; monthly vessel-supply proxy, not broker-reported open positions",DERIVED_PROXY
2021-01-01,V.O. Chidambaranar Port (Tuticorin / VOC Port),MR Tanker,6.81,1.64,2021-01-01,86.51093873936397,93,24.961505376344086,"DERIVED: historical freight route activity + port wait-time; monthly vessel-supply proxy, not broker-reported open positions",DERIVED_PROXY
2021-01-01,V.O. Chidambaranar Port (Tuticorin / VOC Port),Supramax,5.0,1.21,2021-01-01,54.01436704882272,31,24.955161290322582,"DERIVED: historical freight route activity + port wait-time; monthly vessel-supply proxy, not broker-reported open positions",DERIVED_PROXY
2021-01-01,Visakhapatnam Port (Vizag),Capesize,4.07,0.91,2021-01-01,37.28881568078531,31,35.85870967741935,"DERIVED: historical freight route activity + port wait-time; monthly vessel-supply proxy, not broker-reported open positions",DERIVED_PROXY
2021-01-01,Visakhapatnam Port (Vizag),MR Tanker,5.21,1.15,2021-01-01,57.7014183688223,62,38.17935483870968,"DERIVED: historical freight route activity + port wait-time; monthly vessel-supply proxy, not broker-reported open positions",DERIVED_PROXY
2021-01-01,Visakhapatnam Port (Vizag),Panamax,6.33,1.37,2021-01-01,77.85201686449341,93,40.98483870967742,"DERIVED: historical freight route activity + port wait-time; monthly vessel-supply proxy, not broker-reported open positions",DERIVED_PROXY
2021-02-01,Chennai Port,MR Tanker,6.45,1.55,2021-02-01,80.06091961042543,84,25.25702380952381,"DERIVED: historical freight route activity + port wait-time; monthly vessel-supply proxy, not broker-reported open positions",DERIVED_PROXY
2021-02-01,Chennai Port,Panamax,5.31,1.27,2021-02-01,59.5740290660093,56,26.953928571428573,"DERIVED: historical freight route activity + port wait-time; monthly vessel-supply proxy, not broker-reported open positions",DERIVED_PROXY
2021-02-01,Chennai Port,Supramax,6.53,1.6,2021-02-01,81.59200531253383,56,22.423750000000002,"DERIVED: historical freight route activity + port wait-time; monthly vessel-supply proxy, not broker-reported open positions",DERIVED_PROXY
2021-02-01,Kamarajar Port (Ennore),MR Tanker,5.28,1.25,2021-02-01,59.12830006804472,56,27.778750000000002,"DERIVED: historical freight route activity + port wait-time; monthly vessel-supply proxy, not broker-reported open positions",DERIVED_PROXY
2021-02-01,Kamarajar Port (Ennore),Panamax,4.35,1.07,2021-02-01,42.312200280554336,28,22.68285714285714,"DERIVED: historical freight route activity + port wait-time; monthly vessel-supply proxy, not broker-reported open positions",DERIVED_PROXY
2021-02-01,Kolkata / Haldia Dock Complex (HDC),Handysize,6.06,1.34,2021-02-01,73.03257393277076,84,38.262976190476195,"DERIVED: historical freight route activity + port wait-time; monthly vessel-supply proxy, not broker-reported open positions",DERIVED_PROXY
2021-02-01,Kolkata / Haldia Dock Complex (HDC),MR Tanker,6.16,1.39,2021-02-01,74.8764773086329,84,34.850833333333334,"DERIVED: historical freight route activity + port wait-time; monthly vessel-supply proxy, not broker-reported open positions",DERIVED_PROXY
2021-02-01,Paradip Port,Capesize,6.2,1.42,2021-02-01,75.6411355852883,84,33.435833333333335,"DERIVED: historical freight route activity + port wait-time; monthly vessel-supply proxy, not broker-reported open positions",DERIVED_PROXY
2021-02-01,Paradip Port,MR Tanker,4.02,0.92,2021-02-01,36.3474025273206,28,33.72071428571429,"DERIVED: historical freight route activity + port wait-time; monthly vessel-supply proxy, not broker-reported open positions",DERIVED_PROXY
2021-02-01,V.O. Chidambaranar Port (Tuticorin / VOC Port),MR Tanker,6.54,1.61,2021-02-01,81.79951038331896,84,22.039761904761903,"DERIVED: historical freight route activity + port wait-time; monthly vessel-supply proxy, not broker-reported open positions",DERIVED_PROXY
2021-02-01,V.O. Chidambaranar Port (Tuticorin / VOC Port),Supramax,5.03,1.27,2021-02-01,54.588172356788235,28,18.073214285714286,"DERIVED: historical freight route activity + port wait-time; monthly vessel-supply proxy, not broker-reported open positions",DERIVED_PROXY
2021-02-01,Visakhapatnam Port (Vizag),Capesize,4.1,0.95,2021-02-01,37.87961405139109,28,30.885357142857142,"DERIVED: historical freight route activity + port wait-time; monthly vessel-supply proxy, not broker-reported open positions",DERIVED_PROXY
2021-02-01,Visakhapatnam Port (Vizag),MR Tanker,5.26,1.24,2021-02-01,58.76546373283216,56,28.450178571428573,"DERIVED: historical freight route activity + port wait-time; monthly vessel-supply proxy, not broker-reported open positions",DERIVED_PROXY
2021-02-01,Visakhapatnam Port (Vizag),Panamax,6.25,1.44,2021-02-01,76.47553049091009,84,31.891785714285714,"DERIVED: historical freight route activity + port wait-time; monthly vessel-supply proxy, not broker-reported open positions",DERIVED_PROXY
2021-03-01,Chennai Port,MR Tanker,6.92,1.71,2021-03-01,88.5614745442876,93,21.16698924731183,"DERIVED: historical freight route activity + port wait-time; monthly vessel-supply proxy, not broker-reported open positions",DERIVED_PROXY
2021-03-01,Chennai Port,Panamax,5.61,1.36,2021-03-01,64.98105580940816,62,24.708387096774196,"DERIVED: historical freight route activity + port wait-time; monthly vessel-supply proxy, not broker-reported open positions",DERIVED_PROXY
2021-03-01,Chennai Port,Supramax,6.82,1.65,2021-03-01,86.75231496803728,62,24.51483870967742,"DERIVED: historical freight route activity + port wait-time; monthly vessel-supply proxy, not broker-reported open positions",DERIVED_PROXY
2021-03-01,Kamarajar Port (Ennore),MR Tanker,5.7,1.41,2021-03-01,66.65340259547763,62,21.613709677419354,"DERIVED: historical freight route activity + port wait-time; monthly vessel-supply proxy, not broker-reported open positions",DERIVED_PROXY
2021-03-01,Kamarajar Port (Ennore),Panamax,4.47,1.1,2021-03-01,44.52591884130644,31,22.466451612903228,"DERIVED: historical freight route activity + port wait-time; monthly vessel-supply proxy, not broker-reported open positions",DERIVED_PROXY
2021-03-01,Kolkata / Haldia Dock Complex (HDC),Handysize,6.5,1.47,2021-03-01,81.03209347567142,93,35.10010752688172,"DERIVED: historical freight route activity + port wait-time; monthly vessel-supply proxy, not broker-reported open positions",DERIVED_PROXY
2021-03-01,Kolkata / Haldia Dock Complex (HDC),MR Tanker,6.67,1.56,2021-03-01,83.99548930766726,93,29.616344086021506,"DERIVED: historical freight route activity + port wait-time; monthly vessel-supply proxy, not broker-reported open positions",DERIVED_PROXY
2021-03-01,Paradip Port,Capesize,6.59,1.52,2021-03-01,82.63898279385438,93,32.126559139784945,"DERIVED: historical freight route activity + port wait-time; monthly vessel-supply proxy, not broker-reported open positions",DERIVED_PROXY
2021-03-01,Paradip Port,MR Tanker,3.97,0.87,2021-03-01,35.54107514009293,31,39.09290322580645,"DERIVED: historical freight route activity + port wait-time; monthly vessel-supply proxy, not broker-reported open positions",DERIVED_PROXY
2021-03-01,V.O. Chidambaranar Port (Tuticorin / VOC Port),MR Tanker,6.87,1.68,2021-03-01,87.71392671775196,93,22.73537634408602,"DERIVED: historical freight route activity + port wait-time; monthly vessel-supply proxy, not broker-reported open positions",DERIVED_PROXY
2021-03-01,V.O. Chidambaranar Port (Tuticorin / VOC Port),Supramax,5.2,1.31,2021-03-01,57.61339469725031,31,18.29516129032258,"DERIVED: historical freight route activity + port wait-time; monthly vessel-supply proxy, not broker-reported open positions",DERIVED_PROXY
2021-03-01,Visakhapatnam Port (Vizag),Capesize,4.49,1.11,2021-03-01,44.87682665184043,31,21.81709677419355,"DERIVED: historical freight route activity + port wait-time; monthly vessel-supply proxy, not broker-reported open positions",DERIVED_PROXY
2021-03-01,Visakhapatnam Port (Vizag),MR Tanker,5.44,1.27,2021-03-01,61.863153624007815,62,30.478064516129034,"DERIVED: historical freight route activity + port wait-time; monthly vessel-supply proxy, not broker-reported open positions",DERIVED_PROXY
2021-03-01,Visakhapatnam Port (Vizag),Panamax,6.84,1.66,2021-03-01,87.0345984824559,93,23.992473118279573,"DERIVED: historical freight route activity + port wait-time; monthly vessel-supply proxy, not broker-reported open positions",DERIVED_PROXY
2021-04-01,Chennai Port,MR Tanker,6.89,1.73,2021-04-01,87.97990079143109,90,18.363111111111113,"DERIVED: historical freight route activity + port wait-time; monthly vessel-supply proxy, not broker-reported open positions",DERIVED_PROXY
2021-04-01,Chennai Port,Panamax,5.58,1.36,2021-04-01,64.38986431991492,60,23.215666666666667,"DERIVED: historical freight route activity + port wait-time; monthly vessel-supply proxy, not broker-reported open positions",DERIVED_PROXY
2021-04-01,Chennai Port,Supramax,6.69,1.62,2021-04-01,84.46325328870994,60,24.87066666666667,"DERIVED: historical freight route activity + port wait-time; monthly vessel-supply proxy, not broker-reported open positions",DERIVED_PROXY
2021-04-01,Kamarajar Port (Ennore),MR Tanker,5.46,1.3,2021-04-01,62.26746475697207,60,27.143166666666666,"DERIVED: historical freight route activity + port wait-time; monthly vessel-supply proxy, not broker-reported open positions",DERIVED_PROXY
2021-04-01,Kamarajar Port (Ennore),Panamax,4.36,1.05,2021-04-01,42.45409562854265,30,25.007,"DERIVED: historical freight route activity + port wait-time; monthly vessel-supply proxy, not broker-reported open positions",DERIVED_PROXY
2021-04-01,Kolkata / Haldia Dock Complex (HDC),Handysize,6.62,1.58,2021-04-01,83.20137198975509,90,27.205777777777776,"DERIVED: historical freight route activity + port wait-time; monthly vessel-supply proxy, not broker-reported open positions",DERIVED_PROXY
2021-04-01,Kolkata / Haldia Dock Complex (HDC),MR Tanker,6.44,1.47,2021-04-01,79.9947308225166,90,33.13966666666667,"DERIVED: historical freight route activity + port wait-time; monthly vessel-supply proxy, not broker-reported open positions",DERIVED_PROXY
2021-04-01,Paradip Port,Capesize,6.49,1.5,2021-04-01,80.73128858299809,90,31.776666666666667,"DERIVED: historical freight route activity + port wait-time; monthly vessel-supply proxy, not broker-reported open positions",DERIVED_PROXY
2021-04-01,Paradip Port,MR Tanker,3.88,0.84,2021-04-01,33.76365073873342,30,41.08866666666667,"DERIVED: historical freight route activity + port wait-time; monthly vessel-supply proxy, not broker-reported open positions",DERIVED_PROXY
2021-04-01,V.O. Chidambaranar Port (Tuticorin / VOC Port),MR Tanker,6.82,1.69,2021-04-01,86.74077610707009,90,20.65611111111111,"DERIVED: historical freight route activity + port wait-time; monthly vessel-supply proxy, not broker-reported open positions",DERIVED_PROXY
2021-04-01,V.O. Chidambaranar Port (Tuticorin / VOC Port),Supramax,4.98,1.21,2021-04-01,53.66785949075048,30,23.656333333333336,"DERIVED: historical freight route activity + port wait-time; monthly vessel-supply proxy, not broker-reported open positions",DERIVED_PROXY
2021-04-01,Visakhapatnam Port (Vizag),Capesize,4.26,1.01,2021-04-01,40.59639932532776,30,28.444666666666667,"DERIVED: historical freight route activity + port wait-time; monthly vessel-supply proxy, not broker-reported open positions",DERIVED_PROXY
2021-04-01,Visakhapatnam Port (Vizag),MR Tanker,5.46,1.3,2021-04-01,62.2885401441025,60,27.104166666666668,"DERIVED: historical freight route activity + port wait-time; monthly vessel-supply proxy, not broker-reported open positions",DERIVED_PROXY
2021-04-01,Visakhapatnam Port (Vizag),Panamax,6.64,1.59,2021-04-01,83.5318532739884,90,26.59422222222222,"DERIVED: historical freight route activity + port wait-time; monthly vessel-supply proxy, not broker-reported open positions",DERIVED_PROXY
2021-05-01,Chennai Port,MR Tanker,7.02,1.77,2021-05-01,90.34134822278845,93,17.873333333333335,"DERIVED: historical freight route activity + port wait-time; monthly vessel-supply proxy, not broker-reported open positions",DERIVED_PROXY
2021-05-01,Chennai Port,Panamax,5.7,1.41,2021-05-01,66.613395967302,62,21.687741935483874,"DERIVED: historical freight route activity + port wait-time; monthly vessel-supply proxy, not broker-reported open positions",DERIVED_PROXY
2021-05-01,Chennai Port,Supramax,6.86,1.67,2021-05-01,87.43861603613082,62,23.24483870967742,"DERIVED: historical freight route activity + port wait-time; monthly vessel-supply proxy, not broker-reported open positions",DERIVED_PROXY
2021-05-01,Kamarajar Port (Ennore),MR Tanker,5.7,1.4,2021-05-01,66.53172666316132,62,21.838870967741936,"DERIVED: historical freight route activity + port wait-time; monthly vessel-supply proxy, not broker-reported open positions",DERIVED_PROXY
2021-05-01,Kamarajar Port (Ennore),Panamax,4.57,1.14,2021-05-01,46.270172965600075,31,19.238709677419354,"DERIVED: historical freight route activity + port wait-time; monthly vessel-supply proxy, not broker-reported open positions",DERIVED_PROXY
2021-05-01,Kolkata / Haldia Dock Complex (HDC),Handysize,6.7,1.58,2021-05-01,84.60450814558857,93,28.48935483870968,"DERIVED: historical freight route activity + port wait-time; monthly vessel-supply proxy, not broker-reported open positions",DERIVED_PROXY
2021-05-01,Kolkata / Haldia Dock Complex (HDC),MR Tanker,6.6,1.53,2021-05-01,82.8809400919275,93,31.678817204301076,"DERIVED: historical freight route activity + port wait-time; monthly vessel-supply proxy, not broker-reported open positions",DERIVED_PROXY
2021-05-01,Paradip Port,Capesize,6.74,1.6,2021-05-01,85.23886160934076,93,27.315483870967743,"DERIVED: historical freight route activity + port wait-time; monthly vessel-supply proxy, not broker-reported open positions",DERIVED_PROXY
2021-05-01,Paradip Port,MR Tanker,4.26,1.0,2021-05-01,40.6655842837927,31,29.61,"DERIVED: historical freight route activity + port wait-time; monthly vessel-supply proxy, not broker-reported open positions",DERIVED_PROXY
2021-05-01,V.O. Chidambaranar Port (Tuticorin / VOC Port),MR Tanker,6.97,1.74,2021-05-01,89.50780416878777,93,19.415806451612905,"DERIVED: historical freight route activity + port wait-time; monthly vessel-supply proxy, not broker-reported open positions",DERIVED_PROXY
2021-05-01,V.O. Chidambaranar Port (Tuticorin / VOC Port),Supramax,5.18,1.3,2021-05-01,57.154756619995005,31,19.143870967741936,"DERIVED: historical freight route activity + port wait-time; monthly vessel-supply proxy, not broker-reported open positions",DERIVED_PROXY
2021-05-01,Visakhapatnam Port (Vizag),Capesize,4.2,0.97,2021-05-01,39.65173439503677,31,31.486129032258063,"DERIVED: historical freight route activity + port wait-time; monthly vessel-supply proxy, not broker-reported open positions",DERIVED_PROXY
2021-05-01,Visakhapatnam Port (Vizag),MR Tanker,5.69,1.4,2021-05-01,66.42268899029048,62,22.04064516129032,"DERIVED: historical freight route activity + port wait-time; monthly vessel-supply proxy, not broker-reported open positions",DERIVED_PROXY
2021-05-01,Visakhapatnam Port (Vizag),Panamax,6.66,1.56,2021-05-01,83.83767085868394,93,29.908387096774195,"DERIVED: historical freight route activity + port wait-time; monthly vessel-supply proxy, not broker-reported open positions",DERIVED_PROXY
2021-06-01,Chennai Port,MR Tanker,6.51,1.51,2021-06-01,81.09245226843841,90,31.108333333333334,"DERIVED: historical freight route activity + port wait-time; monthly vessel-supply proxy, not broker-reported open positions",DERIVED_PROXY
2021-06-01,Chennai Port,Panamax,5.34,1.24,2021-06-01,60.044641875010285,60,31.256500000000003,"DERIVED: historical freight route activity + port wait-time; monthly vessel-supply proxy, not broker-reported open positions",DERIVED_PROXY
2021-06-01,Chennai Port,Supramax,6.62,1.58,2021-06-01,83.2090876229353,60,27.1915,"DERIVED: historical freight route activity + port wait-time; monthly vessel-supply proxy, not broker-reported open positions",DERIVED_PROXY
2021-06-01,Kamarajar Port (Ennore),MR Tanker,5.41,1.28,2021-06-01,61.442012094363484,60,28.670666666666666,"DERIVED: historical freight route activity + port wait-time; monthly vessel-supply proxy, not broker-reported open positions",DERIVED_PROXY
2021-06-01,Kamarajar Port (Ennore),Panamax,4.14,0.95,2021-06-01,38.59261636431132,30,32.15266666666667,"DERIVED: historical freight route activity + port wait-time; monthly vessel-supply proxy, not broker-reported open positions",DERIVED_PROXY
2021-06-01,Kolkata / Haldia Dock Complex (HDC),Handysize,6.17,1.32,2021-06-01,74.9889360940922,90,42.40288888888889,"DERIVED: historical freight route activity + port wait-time; monthly vessel-supply proxy, not broker-reported open positions",DERIVED_PROXY
2021-06-01,Kolkata / Haldia Dock Complex (HDC),MR Tanker,6.15,1.32,2021-06-01,74.788930069786,90,42.773,"DERIVED: historical freight route activity + port wait-time; monthly vessel-supply proxy, not broker-reported open positions",DERIVED_PROXY
2021-06-01,Paradip Port,Capesize,6.11,1.29,2021-06-01,73.93216454567168,90,44.358444444444444,"DERIVED: historical freight route activity + port wait-time; monthly vessel-supply proxy, not broker-reported open positions",DERIVED_PROXY
2021-06-01,Paradip Port,MR Tanker,3.93,0.86,2021-06-01,34.80787312501643,30,39.156333333333336,"DERIVED: historical freight route activity + port wait-time; monthly vessel-supply proxy, not broker-reported open positions",DERIVED_PROXY
2021-06-01,V.O. Chidambaranar Port (Tuticorin / VOC Port),MR Tanker,6.68,1.61,2021-06-01,84.15150568192588,90,25.447555555555557,"DERIVED: historical freight route activity + port wait-time; monthly vessel-supply proxy, not broker-reported open positions",DERIVED_PROXY
2021-06-01,V.O. Chidambaranar Port (Tuticorin / VOC Port),Supramax,4.96,1.2,2021-06-01,53.36469815279735,30,24.217333333333332,"DERIVED: historical freight route activity + port wait-time; monthly vessel-supply proxy, not broker-reported open positions",DERIVED_PROXY
2021-06-01,Visakhapatnam Port (Vizag),Capesize,3.91,0.85,2021-06-01,34.34439473966087,30,40.014,"DERIVED: historical freight route activity + port wait-time; monthly vessel-supply proxy, not broker-reported open positions",DERIVED_PROXY
2021-06-01,Visakhapatnam Port (Vizag),MR Tanker,5.24,1.19,2021-06-01,58.39301602373739,60,34.31283333333333,"DERIVED: historical freight route activity + port wait-time; monthly vessel-supply proxy, not broker-reported open positions",DERIVED_PROXY
2021-06-01,Visakhapatnam Port (Vizag),Panamax,6.13,1.31,2021-06-01,74.41713862502353,90,43.461,"DERIVED: historical freight route activity + port wait-time; monthly vessel-supply proxy, not broker-reported open positions",DERIVED_PROXY
2021-07-01,Chennai Port,MR Tanker,6.41,1.42,2021-07-01,79.31619553808761,93,38.27537634408602,"DERIVED: historical freight route activity + port wait-time; monthly vessel-supply proxy, not broker-reported open positions",DERIVED_PROXY
2021-07-01,Chennai Port,Panamax,5.27,1.18,2021-07-01,58.92244855207384,62,35.919838709677414,"DERIVED: historical freight route activity + port wait-time; monthly vessel-supply proxy, not broker-reported open positions",DERIVED_PROXY
2021-07-01,Chennai Port,Supramax,6.34,1.38,2021-07-01,78.08360207378023,62,40.556290322580644,"DERIVED: historical freight route activity + port wait-time; monthly vessel-supply proxy, not broker-reported open positions",DERIVED_PROXY
2021-07-01,Kamarajar Port (Ennore),MR Tanker,5.18,1.14,2021-07-01,57.23868375229848,62,39.035645161290326,"DERIVED: historical freight route activity + port wait-time; monthly vessel-supply proxy, not broker-reported open positions",DERIVED_PROXY
2021-07-01,Kamarajar Port (Ennore),Panamax,3.96,0.87,2021-07-01,35.347579029962404,31,39.450967741935486,"DERIVED: historical freight route activity + port wait-time; monthly vessel-supply proxy, not broker-reported open positions",DERIVED_PROXY
2021-07-01,Kolkata / Haldia Dock Complex (HDC),Handysize,5.71,1.06,2021-07-01,66.77189501457231,93,61.48860215053763,"DERIVED: historical freight route activity + port wait-time; monthly vessel-supply proxy, not broker-reported open positions",DERIVED_PROXY
2021-07-01,Kolkata / Haldia Dock Complex (HDC),MR Tanker,5.89,1.14,2021-07-01,69.97753867934115,93,55.55655913978495,"DERIVED: historical freight route activity + port wait-time; monthly vessel-supply proxy, not broker-reported open positions",DERIVED_PROXY
2021-07-01,Paradip Port,Capesize,5.71,1.06,2021-07-01,66.70553688911613,93,61.611397849462364,"DERIVED: historical freight route activity + port wait-time; monthly vessel-supply proxy, not broker-reported open positions",DERIVED_PROXY
2021-07-01,Paradip Port,MR Tanker,3.49,0.68,2021-07-01,26.895634075297526,31,55.09129032258064,"DERIVED: historical freight route activity + port wait-time; monthly vessel-supply proxy, not broker-reported open positions",DERIVED_PROXY
2021-07-01,V.O. Chidambaranar Port (Tuticorin / VOC Port),MR Tanker,6.58,1.51,2021-07-01,82.43293558468838,93,32.50784946236559,"DERIVED: historical freight route activity + port wait-time; monthly vessel-supply proxy, not broker-reported open positions",DERIVED_PROXY
2021-07-01,V.O. Chidambaranar Port (Tuticorin / VOC Port),Supramax,4.65,1.04,2021-07-01,47.645904534049656,31,36.74,"DERIVED: historical freight route activity + port wait-time; monthly vessel-supply proxy, not broker-reported open positions",DERIVED_PROXY
2021-07-01,Visakhapatnam Port (Vizag),Capesize,3.63,0.73,2021-07-01,29.39225685844098,31,50.47129032258065,"DERIVED: historical freight route activity + port wait-time; monthly vessel-supply proxy, not broker-reported open positions",DERIVED_PROXY
2021-07-01,Visakhapatnam Port (Vizag),MR Tanker,4.7,0.92,2021-07-01,48.64815374578336,62,54.93241935483871,"DERIVED: historical freight route activity + port wait-time; monthly vessel-supply proxy, not broker-reported open positions",DERIVED_PROXY
2021-07-01,Visakhapatnam Port (Vizag),Panamax,5.72,1.06,2021-07-01,66.9016478115457,93,61.24849462365591,"DERIVED: historical freight route activity + port wait-time; monthly vessel-supply proxy, not broker-reported open positions",DERIVED_PROXY
2021-08-01,Chennai Port,MR Tanker,6.35,1.38,2021-08-01,78.237440197375,93,40.27161290322581,"DERIVED: historical freight route activity + port wait-time; monthly vessel-supply proxy, not broker-reported open positions",DERIVED_PROXY
2021-08-01,Chennai Port,Panamax,5.23,1.16,2021-08-01,58.08649306006403,62,37.46677419354839,"DERIVED: historical freight route activity + port wait-time; monthly vessel-supply proxy, not broker-reported open positions",DERIVED_PROXY
2021-08-01,Chennai Port,Supramax,6.41,1.42,2021-08-01,79.45576840791749,62,38.01709677419355,"DERIVED: historical freight route activity + port wait-time; monthly vessel-supply proxy, not broker-reported open positions",DERIVED_PROXY
2021-08-01,Kamarajar Port (Ennore),MR Tanker,5.11,1.1,2021-08-01,55.96483436060592,62,41.39290322580646,"DERIVED: historical freight route activity + port wait-time; monthly vessel-supply proxy, not broker-reported open positions",DERIVED_PROXY
2021-08-01,Kamarajar Port (Ennore),Panamax,3.92,0.85,2021-08-01,34.47388308043615,31,41.067741935483866,"DERIVED: historical freight route activity + port wait-time; monthly vessel-supply proxy, not broker-reported open positions",DERIVED_PROXY
2021-08-01,Kolkata / Haldia Dock Complex (HDC),Handysize,5.8,1.1,2021-08-01,68.38360720877354,93,58.50612903225806,"DERIVED: historical freight route activity + port wait-time; monthly vessel-supply proxy, not broker-reported open positions",DERIVED_PROXY
2021-08-01,Kolkata / Haldia Dock Complex (HDC),MR Tanker,5.66,1.03,2021-08-01,65.79598895762275,93,63.29451612903226,"DERIVED: historical freight route activity + port wait-time; monthly vessel-supply proxy, not broker-reported open positions",DERIVED_PROXY
2021-08-01,Paradip Port,Capesize,5.61,1.01,2021-08-01,65.0,93,67.82806451612903,"DERIVED: historical freight route activity + port wait-time; monthly vessel-supply proxy, not broker-reported open positions",DERIVED_PROXY
2021-08-01,Paradip Port,MR Tanker,3.2,0.58,2021-08-01,21.666666666666668,31,69.00419354838711,"DERIVED: historical freight route activity + port wait-time; monthly vessel-supply proxy, not broker-reported open positions",DERIVED_PROXY
2021-08-01,V.O. Chidambaranar Port (Tuticorin / VOC Port),MR Tanker,6.58,1.51,2021-08-01,82.36163836933397,93,32.63978494623656,"DERIVED: historical freight route activity + port wait-time; monthly vessel-supply proxy, not broker-reported open positions",DERIVED_PROXY
2021-08-01,V.O. Chidambaranar Port (Tuticorin / VOC Port),Supramax,4.7,1.06,2021-08-01,48.52814220375284,31,35.107419354838704,"DERIVED: historical freight route activity + port wait-time; monthly vessel-supply proxy, not broker-reported open positions",DERIVED_PROXY
2021-08-01,Visakhapatnam Port (Vizag),Capesize,3.2,0.58,2021-08-01,21.666666666666668,31,65.11935483870968,"DERIVED: historical freight route activity + port wait-time; monthly vessel-supply proxy, not broker-reported open positions",DERIVED_PROXY
2021-08-01,Visakhapatnam Port (Vizag),MR Tanker,4.7,0.92,2021-08-01,48.56064469417478,62,55.09435483870968,"DERIVED: historical freight route activity + port wait-time; monthly vessel-supply proxy, not broker-reported open positions",DERIVED_PROXY
2021-08-01,Visakhapatnam Port (Vizag),Panamax,5.77,1.08,2021-08-01,67.80160809794253,93,59.58311827956989,"DERIVED: historical freight route activity + port wait-time; monthly vessel-supply proxy, not broker-reported open positions",DERIVED_PROXY
2021-09-01,Chennai Port,MR Tanker,6.34,1.42,2021-09-01,78.06456160686173,90,36.711444444444446,"DERIVED: historical freight route activity + port wait-time; monthly vessel-supply proxy, not broker-reported open positions",DERIVED_PROXY
2021-09-01,Chennai Port,Panamax,5.02,1.08,2021-09-01,54.410578447898494,60,41.68233333333333,"DERIVED: historical freight route activity + port wait-time; monthly vessel-supply proxy, not broker-reported open positions",DERIVED_PROXY
2021-09-01,Chennai Port,Supramax,6.23,1.36,2021-09-01,76.09686499247033,60,40.352666666666664,"DERIVED: historical freight route activity + port wait-time; monthly vessel-supply proxy, not broker-reported open positions",DERIVED_PROXY
2021-09-01,Kamarajar Port (Ennore),MR Tanker,5.0,1.07,2021-09-01,54.00987589514939,60,42.42383333333333,"DERIVED: historical freight route activity + port wait-time; monthly vessel-supply proxy, not broker-reported open positions",DERIVED_PROXY
2021-09-01,Kamarajar Port (Ennore),Panamax,3.85,0.83,2021-09-01,33.34700654700104,30,41.85966666666666,"DERIVED: historical freight route activity + port wait-time; monthly vessel-supply proxy, not broker-reported open positions",DERIVED_PROXY
2021-09-01,Kolkata / Haldia Dock Complex (HDC),Handysize,5.7,1.09,2021-09-01,66.54965457854675,90,58.019777777777776,"DERIVED: historical freight route activity + port wait-time; monthly vessel-supply proxy, not broker-reported open positions",DERIVED_PROXY
2021-09-01,Kolkata / Haldia Dock Complex (HDC),MR Tanker,5.64,1.06,2021-09-01,65.43217870993004,90,60.08766666666667,"DERIVED: historical freight route activity + port wait-time; monthly vessel-supply proxy, not broker-reported open positions",DERIVED_PROXY
2021-09-01,Paradip Port,Capesize,5.49,0.99,2021-09-01,62.903225806451616,90,67.763,"DERIVED: historical freight route activity + port wait-time; monthly vessel-supply proxy, not broker-reported open positions",DERIVED_PROXY
2021-09-01,Paradip Port,MR Tanker,3.17,0.57,2021-09-01,21.09049807581438,30,64.54033333333334,"DERIVED: historical freight route activity + port wait-time; monthly vessel-supply proxy, not broker-reported open positions",DERIVED_PROXY
2021-09-01,V.O. Chidambaranar Port (Tuticorin / VOC Port),MR Tanker,6.24,1.36,2021-09-01,76.2642672127542,90,40.04288888888889,"DERIVED: historical freight route activity + port wait-time; monthly vessel-supply proxy, not broker-reported open positions",DERIVED_PROXY
2021-09-01,V.O. Chidambaranar Port (Tuticorin / VOC Port),Supramax,4.64,1.05,2021-09-01,47.506821319620926,30,35.05733333333333,"DERIVED: historical freight route activity + port wait-time; monthly vessel-supply proxy, not broker-reported open positions",DERIVED_PROXY
2021-09-01,Visakhapatnam Port (Vizag),Capesize,3.41,0.66,2021-09-01,25.399063757633165,30,56.56733333333333,"DERIVED: historical freight route activity + port wait-time; monthly vessel-supply proxy, not broker-reported open positions",DERIVED_PROXY
2021-09-01,Visakhapatnam Port (Vizag),MR Tanker,4.6,0.89,2021-09-01,46.87855932420727,60,55.62033333333333,"DERIVED: historical freight route activity + port wait-time; monthly vessel-supply proxy, not broker-reported open positions",DERIVED_PROXY
2021-09-01,Visakhapatnam Port (Vizag),Panamax,5.49,0.99,2021-09-01,62.903225806451616,90,67.18133333333333,"DERIVED: historical freight route activity + port wait-time; monthly vessel-supply proxy, not broker-reported open positions",DERIVED_PROXY
2021-10-01,Chennai Port,MR Tanker,6.26,1.34,2021-10-01,76.73549201279435,93,43.05096774193549,"DERIVED: historical freight route activity + port wait-time; monthly vessel-supply proxy, not broker-reported open positions",DERIVED_PROXY
2021-10-01,Chennai Port,Panamax,5.09,1.09,2021-10-01,55.56145598327077,62,42.13935483870968,"DERIVED: historical freight route activity + port wait-time; monthly vessel-supply proxy, not broker-reported open positions",DERIVED_PROXY
2021-10-01,Chennai Port,Supramax,6.3,1.36,2021-10-01,77.45247354519688,62,41.7241935483871,"DERIVED: historical freight route activity + port wait-time; monthly vessel-supply proxy, not broker-reported open positions",DERIVED_PROXY
2021-10-01,Kamarajar Port (Ennore),MR Tanker,4.71,0.92,2021-10-01,48.848448367891436,62,54.56177419354839,"DERIVED: historical freight route activity + port wait-time; monthly vessel-supply proxy, not broker-reported open positions",DERIVED_PROXY
2021-10-01,Kamarajar Port (Ennore),Panamax,3.68,0.75,2021-10-01,30.23387777709875,31,48.913870967741936,"DERIVED: historical freight route activity + port wait-time; monthly vessel-supply proxy, not broker-reported open positions",DERIVED_PROXY
2021-10-01,Kolkata / Haldia Dock Complex (HDC),Handysize,5.67,1.04,2021-10-01,65.98669593463427,93,62.9416129032258,"DERIVED: historical freight route activity + port wait-time; monthly vessel-supply proxy, not broker-reported open positions",DERIVED_PROXY
2021-10-01,Kolkata / Haldia Dock Complex (HDC),MR Tanker,5.61,1.01,2021-10-01,65.0,93,68.09451612903226,"DERIVED: historical freight route activity + port wait-time; monthly vessel-supply proxy, not broker-reported open positions",DERIVED_PROXY
2021-10-01,Paradip Port,Capesize,5.61,1.01,2021-10-01,65.0,93,82.74591397849463,"DERIVED: historical freight route activity + port wait-time; monthly vessel-supply proxy, not broker-reported open positions",DERIVED_PROXY
2021-10-01,Paradip Port,MR Tanker,3.2,0.58,2021-10-01,21.666666666666668,31,65.65935483870967,"DERIVED: historical freight route activity + port wait-time; monthly vessel-supply proxy, not broker-reported open positions",DERIVED_PROXY
2021-10-01,V.O. Chidambaranar Port (Tuticorin / VOC Port),MR Tanker,6.4,1.41,2021-10-01,79.21468271394406,93,38.46322580645161,"DERIVED: historical freight route activity + port wait-time; monthly vessel-supply proxy, not broker-reported open positions",DERIVED_PROXY
2021-10-01,V.O. Chidambaranar Port (Tuticorin / VOC Port),Supramax,4.49,0.97,2021-10-01,44.73753597421406,31,42.12193548387096,"DERIVED: historical freight route activity + port wait-time; monthly vessel-supply proxy, not broker-reported open positions",DERIVED_PROXY
2021-10-01,Visakhapatnam Port (Vizag),Capesize,3.35,0.63,2021-10-01,24.382625135079948,31,59.74161290322581,"DERIVED: historical freight route activity + port wait-time; monthly vessel-supply proxy, not broker-reported open positions",DERIVED_PROXY
2021-10-01,Visakhapatnam Port (Vizag),MR Tanker,4.44,0.81,2021-10-01,43.957703443727716,62,63.612096774193546,"DERIVED: historical freight route activity + port wait-time; monthly vessel-supply proxy, not broker-reported open positions",DERIVED_PROXY
2021-10-01,Visakhapatnam Port (Vizag),Panamax,5.61,1.01,2021-10-01,65.0,93,80.37537634408602,"DERIVED: historical freight route activity + port wait-time; monthly vessel-supply proxy, not broker-reported open positions",DERIVED_PROXY
2021-11-01,Chennai Port,MR Tanker,6.38,1.44,2021-11-01,78.812887959587,90,35.32666666666667,"DERIVED: historical freight route activity + port wait-time; monthly vessel-supply proxy, not broker-reported open positions",DERIVED_PROXY
2021-11-01,Chennai Port,Panamax,5.16,1.15,2021-11-01,56.84847835749903,60,37.17100000000001,"DERIVED: historical freight route activity + port wait-time; monthly vessel-supply proxy, not broker-reported open positions",DERIVED_PROXY
2021-11-01,Chennai Port,Supramax,6.35,1.42,2021-11-01,78.21350034696724,60,36.435833333333335,"DERIVED: historical freight route activity + port wait-time; monthly vessel-supply proxy, not broker-reported open positions",DERIVED_PROXY
2021-11-01,Kamarajar Port (Ennore),MR Tanker,5.11,1.12,2021-11-01,55.91782889075223,60,38.893166666666666,"DERIVED: historical freight route activity + port wait-time; monthly vessel-supply proxy, not broker-reported open positions",DERIVED_PROXY
2021-11-01,Kamarajar Port (Ennore),Panamax,3.9,0.85,2021-11-01,34.247123722135804,30,40.193999999999996,"DERIVED: historical freight route activity + port wait-time; monthly vessel-supply proxy, not broker-reported open positions",DERIVED_PROXY
2021-11-01,Kolkata / Haldia Dock Complex (HDC),Handysize,5.88,1.18,2021-11-01,69.92567941272242,90,51.772444444444446,"DERIVED: historical freight route activity + port wait-time; monthly vessel-supply proxy, not broker-reported open positions",DERIVED_PROXY
2021-11-01,Kolkata / Haldia Dock Complex (HDC),MR Tanker,5.88,1.18,2021-11-01,69.8747622381167,90,51.86666666666667,"DERIVED: historical freight route activity + port wait-time; monthly vessel-supply proxy, not broker-reported open positions",DERIVED_PROXY
2021-11-01,Paradip Port,Capesize,5.49,0.99,2021-11-01,62.903225806451616,90,66.98,"DERIVED: historical freight route activity + port wait-time; monthly vessel-supply proxy, not broker-reported open positions",DERIVED_PROXY
2021-11-01,Paradip Port,MR Tanker,3.54,0.71,2021-11-01,27.769594481021898,30,52.18066666666667,"DERIVED: historical freight route activity + port wait-time; monthly vessel-supply proxy, not broker-reported open positions",DERIVED_PROXY
2021-11-01,V.O. Chidambaranar Port (Tuticorin / VOC Port),MR Tanker,6.42,1.46,2021-11-01,79.58138904187302,90,33.904555555555554,"DERIVED: historical freight route activity + port wait-time; monthly vessel-supply proxy, not broker-reported open positions",DERIVED_PROXY
2021-11-01,V.O. Chidambaranar Port (Tuticorin / VOC Port),Supramax,4.66,1.06,2021-11-01,47.95372760569444,30,34.230333333333334,"DERIVED: historical freight route activity + port wait-time; monthly vessel-supply proxy, not broker-reported open positions",DERIVED_PROXY
2021-11-01,Visakhapatnam Port (Vizag),Capesize,3.68,0.76,2021-11-01,30.181735584129694,30,47.717,"DERIVED: historical freight route activity + port wait-time; monthly vessel-supply proxy, not broker-reported open positions",DERIVED_PROXY
2021-11-01,Visakhapatnam Port (Vizag),MR Tanker,4.85,1.0,2021-11-01,51.34023679287106,60,47.364000000000004,"DERIVED: historical freight route activity + port wait-time; monthly vessel-supply proxy, not broker-reported open positions",DERIVED_PROXY
2021-11-01,Visakhapatnam Port (Vizag),Panamax,5.5,0.99,2021-11-01,62.91700238085126,90,64.74199999999999,"DERIVED: historical freight route activity + port wait-time; monthly vessel-supply proxy, not broker-reported open positions",DERIVED_PROXY
2021-12-01,Chennai Port,MR Tanker,6.59,1.52,2021-12-01,82.62631548093894,93,32.15,"DERIVED: historical freight route activity + port wait-time; monthly vessel-supply proxy, not broker-reported open positions",DERIVED_PROXY
2021-12-01,Chennai Port,Panamax,5.32,1.21,2021-12-01,59.79858499307921,62,34.29854838709678,"DERIVED: historical freight route activity + port wait-time; monthly vessel-supply proxy, not broker-reported open positions",DERIVED_PROXY
2021-12-01,Chennai Port,Supramax,6.54,1.49,2021-12-01,81.64305889608202,62,33.96951612903226,"DERIVED: historical freight route activity + port wait-time; monthly vessel-supply proxy, not broker-reported open positions",DERIVED_PROXY
2021-12-01,Kamarajar Port (Ennore),MR Tanker,5.04,1.07,2021-12-01,54.80830288073123,62,43.53306451612904,"DERIVED: historical freight route activity + port wait-time; monthly vessel-supply proxy, not broker-reported open positions",DERIVED_PROXY
2021-12-01,Kamarajar Port (Ennore),Panamax,3.78,0.79,2021-12-01,32.09370660501088,31,45.47225806451613,"DERIVED: historical freight route activity + port wait-time; monthly vessel-supply proxy, not broker-reported open positions",DERIVED_PROXY
2021-12-01,Kolkata / Haldia Dock Complex (HDC),Handysize,6.0,1.2,2021-12-01,71.99291978557741,93,51.82709677419355,"DERIVED: historical freight route activity + port wait-time; monthly vessel-supply proxy, not broker-reported open positions",DERIVED_PROXY
2021-12-01,Kolkata / Haldia Dock Complex (HDC),MR Tanker,5.96,1.18,2021-12-01,71.21010309017852,93,53.27569892473119,"DERIVED: historical freight route activity + port wait-time; monthly vessel-supply proxy, not broker-reported open positions",DERIVED_PROXY
2021-12-01,Paradip Port,Capesize,5.62,1.01,2021-12-01,65.14193724121763,93,64.50483870967741,"DERIVED: historical freight route activity + port wait-time; monthly vessel-supply proxy, not broker-reported open positions",DERIVED_PROXY
2021-12-01,Paradip Port,MR Tanker,3.9,0.84,2021-12-01,34.21013567987087,31,41.5558064516129,"DERIVED: historical freight route activity + port wait-time; monthly vessel-supply proxy, not broker-reported open positions",DERIVED_PROXY
2021-12-01,V.O. Chidambaranar Port (Tuticorin / VOC Port),MR Tanker,6.59,1.52,2021-12-01,82.5500791756863,93,32.29107526881721,"DERIVED: historical freight route activity + port wait-time; monthly vessel-supply proxy, not broker-reported open positions",DERIVED_PROXY
2021-12-01,V.O. Chidambaranar Port (Tuticorin / VOC Port),Supramax,4.8,1.11,2021-12-01,50.36426340015348,31,31.70967741935484,"DERIVED: historical freight route activity + port wait-time; monthly vessel-supply proxy, not broker-reported open positions",DERIVED_PROXY
2021-12-01,Visakhapatnam Port (Vizag),Capesize,3.81,0.81,2021-12-01,32.647523849952,31,44.44741935483871,"DERIVED: historical freight route activity + port wait-time; monthly vessel-supply proxy, not broker-reported open positions",DERIVED_PROXY
2021-12-01,Visakhapatnam Port (Vizag),MR Tanker,4.88,1.0,2021-12-01,51.819398102084556,62,49.06403225806452,"DERIVED: historical freight route activity + port wait-time; monthly vessel-supply proxy, not broker-reported open positions",DERIVED_PROXY
2021-12-01,Visakhapatnam Port (Vizag),Panamax,5.67,1.04,2021-12-01,66.05125274495109,93,62.82215053763441,"DERIVED: historical freight route activity + port wait-time; monthly vessel-supply proxy, not broker-reported open positions",DERIVED_PROXY
2022-01-01,Chennai Port,MR Tanker,6.8,1.64,2022-01-01,86.36671731433574,93,25.228387096774192,"DERIVED: historical freight route activity + port wait-time; monthly vessel-supply proxy, not broker-reported open positions",DERIVED_PROXY
2022-01-01,Chennai Port,Panamax,5.49,1.29,2022-01-01,62.866021301107686,62,28.622258064516128,"DERIVED: historical freight route activity + port wait-time; monthly vessel-supply proxy, not broker-reported open positions",DERIVED_PROXY
2022-01-01,Chennai Port,Supramax,6.72,1.59,2022-01-01,84.92168487746467,62,27.90241935483871,"DERIVED: historical freight route activity + port wait-time; monthly vessel-supply proxy, not broker-reported open positions",DERIVED_PROXY
2022-01-01,Kamarajar Port (Ennore),MR Tanker,5.4,1.25,2022-01-01,61.11845508123523,62,31.856129032258064,"DERIVED: historical freight route activity + port wait-time; monthly vessel-supply proxy, not broker-reported open positions",DERIVED_PROXY
2022-01-01,Kamarajar Port (Ennore),Panamax,4.28,1.01,2022-01-01,40.96541609408503,31,29.05516129032258,"DERIVED: historical freight route activity + port wait-time; monthly vessel-supply proxy, not broker-reported open positions",DERIVED_PROXY
2022-01-01,Kolkata / Haldia Dock Complex (HDC),Handysize,6.17,1.29,2022-01-01,74.97415444814686,93,46.310322580645156,"DERIVED: historical freight route activity + port wait-time; monthly vessel-supply proxy, not broker-reported open positions",DERIVED_PROXY
2022-01-01,Kolkata / Haldia Dock Complex (HDC),MR Tanker,6.21,1.31,2022-01-01,75.70496543226442,93,44.957956989247315,"DERIVED: historical freight route activity + port wait-time; monthly vessel-supply proxy, not broker-reported open positions",DERIVED_PROXY
2022-01-01,Paradip Port,Capesize,6.24,1.32,2022-01-01,76.27714447023894,93,43.899139784946236,"DERIVED: historical freight route activity + port wait-time; monthly vessel-supply proxy, not broker-reported open positions",DERIVED_PROXY
2022-01-01,Paradip Port,MR Tanker,4.03,0.9,2022-01-01,36.54132800489373,31,37.24193548387097,"DERIVED: historical freight route activity + port wait-time; monthly vessel-supply proxy, not broker-reported open positions",DERIVED_PROXY
2022-01-01,V.O. Chidambaranar Port (Tuticorin / VOC Port),MR Tanker,6.81,1.65,2022-01-01,86.54905689199028,93,24.890967741935484,"DERIVED: historical freight route activity + port wait-time; monthly vessel-supply proxy, not broker-reported open positions",DERIVED_PROXY
2022-01-01,V.O. Chidambaranar Port (Tuticorin / VOC Port),Supramax,5.1,1.26,2022-01-01,55.88779290068997,31,21.488387096774193,"DERIVED: historical freight route activity + port wait-time; monthly vessel-supply proxy, not broker-reported open positions",DERIVED_PROXY
2022-01-01,Visakhapatnam Port (Vizag),Capesize,4.01,0.89,2022-01-01,36.20767795553355,31,37.85935483870967,"DERIVED: historical freight route activity + port wait-time; monthly vessel-supply proxy, not broker-reported open positions",DERIVED_PROXY
2022-01-01,Visakhapatnam Port (Vizag),MR Tanker,5.14,1.12,2022-01-01,56.50967408332026,62,40.38467741935484,"DERIVED: historical freight route activity + port wait-time; monthly vessel-supply proxy, not broker-reported open positions",DERIVED_PROXY
2022-01-01,Visakhapatnam Port (Vizag),Panamax,6.27,1.34,2022-01-01,76.8734959952448,93,42.79559139784946,"DERIVED: historical freight route activity + port wait-time; monthly vessel-supply proxy, not broker-reported open positions",DERIVED_PROXY
2022-02-01,Chennai Port,MR Tanker,6.49,1.58,2022-02-01,80.82036693971342,84,23.851666666666667,"DERIVED: historical freight route activity + port wait-time; monthly vessel-supply proxy, not broker-reported open positions",DERIVED_PROXY
2022-02-01,Chennai Port,Panamax,5.33,1.28,2022-02-01,60.02747798599968,56,26.114821428571428,"DERIVED: historical freight route activity + port wait-time; monthly vessel-supply proxy, not broker-reported open positions",DERIVED_PROXY
2022-02-01,Chennai Port,Supramax,6.41,1.53,2022-02-01,79.3126018353913,56,26.641785714285714,"DERIVED: historical freight route activity + port wait-time; monthly vessel-supply proxy, not broker-reported open positions",DERIVED_PROXY
2022-02-01,Kamarajar Port (Ennore),MR Tanker,5.41,1.32,2022-02-01,61.313616995497824,56,23.73482142857143,"DERIVED: historical freight route activity + port wait-time; monthly vessel-supply proxy, not broker-reported open positions",DERIVED_PROXY
2022-02-01,Kamarajar Port (Ennore),Panamax,4.21,1.0,2022-02-01,39.81287552470185,28,27.30785714285714,"DERIVED: historical freight route activity + port wait-time; monthly vessel-supply proxy, not broker-reported open positions",DERIVED_PROXY
2022-02-01,Kolkata / Haldia Dock Complex (HDC),Handysize,6.29,1.47,2022-02-01,77.2866369650874,84,30.390833333333333,"DERIVED: historical freight route activity + port wait-time; monthly vessel-supply proxy, not broker-reported open positions",DERIVED_PROXY
2022-02-01,Kolkata / Haldia Dock Complex (HDC),MR Tanker,6.23,1.43,2022-02-01,76.17381020506845,84,32.45011904761905,"DERIVED: historical freight route activity + port wait-time; monthly vessel-supply proxy, not broker-reported open positions",DERIVED_PROXY
2022-02-01,Paradip Port,Capesize,6.3,1.47,2022-02-01,77.4309351742863,84,30.123809523809523,"DERIVED: historical freight route activity + port wait-time; monthly vessel-supply proxy, not broker-reported open positions",DERIVED_PROXY
2022-02-01,Paradip Port,MR Tanker,4.04,0.93,2022-02-01,36.72123975141992,28,33.02892857142857,"DERIVED: historical freight route activity + port wait-time; monthly vessel-supply proxy, not broker-reported open positions",DERIVED_PROXY
2022-02-01,V.O. Chidambaranar Port (Tuticorin / VOC Port),MR Tanker,6.58,1.63,2022-02-01,82.44959215057479,84,20.836785714285714,"DERIVED: historical freight route activity + port wait-time; monthly vessel-supply proxy, not broker-reported open positions",DERIVED_PROXY
2022-02-01,V.O. Chidambaranar Port (Tuticorin / VOC Port),Supramax,5.02,1.26,2022-02-01,54.42238703128419,28,18.38,"DERIVED: historical freight route activity + port wait-time; monthly vessel-supply proxy, not broker-reported open positions",DERIVED_PROXY
2022-02-01,Visakhapatnam Port (Vizag),Capesize,4.14,0.97,2022-02-01,38.4769430181373,28,29.78,"DERIVED: historical freight route activity + port wait-time; monthly vessel-supply proxy, not broker-reported open positions",DERIVED_PROXY
2022-02-01,Visakhapatnam Port (Vizag),MR Tanker,5.19,1.2,2022-02-01,57.35127051673107,56,31.06714285714286,"DERIVED: historical freight route activity + port wait-time; monthly vessel-supply proxy, not broker-reported open positions",DERIVED_PROXY
2022-02-01,Visakhapatnam Port (Vizag),Panamax,6.37,1.51,2022-02-01,78.71868250087314,84,27.740833333333335,"DERIVED: historical freight route activity + port wait-time; monthly vessel-supply proxy, not broker-reported open positions",DERIVED_PROXY
2022-03-01,Chennai Port,MR Tanker,6.82,1.65,2022-03-01,86.7842737850258,93,24.455698924731184,"DERIVED: historical freight route activity + port wait-time; monthly vessel-supply proxy, not broker-reported open positions",DERIVED_PROXY
2022-03-01,Chennai Port,Panamax,5.76,1.44,2022-03-01,67.60022612896762,62,19.861612903225808,"DERIVED: historical freight route activity + port wait-time; monthly vessel-supply proxy, not broker-reported open positions",DERIVED_PROXY
2022-03-01,Chennai Port,Supramax,6.86,1.67,2022-03-01,87.39669187893588,62,23.32241935483871,"DERIVED: historical freight route activity + port wait-time; monthly vessel-supply proxy, not broker-reported open positions",DERIVED_PROXY
2022-03-01,Kamarajar Port (Ennore),MR Tanker,5.66,1.38,2022-03-01,65.79792317163484,62,23.19677419354839,"DERIVED: historical freight route activity + port wait-time; monthly vessel-supply proxy, not broker-reported open positions",DERIVED_PROXY
2022-03-01,Kamarajar Port (Ennore),Panamax,4.4,1.06,2022-03-01,43.271331900216964,31,24.78806451612903,"DERIVED: historical freight route activity + port wait-time; monthly vessel-supply proxy, not broker-reported open positions",DERIVED_PROXY
2022-03-01,Kolkata / Haldia Dock Complex (HDC),Handysize,6.51,1.47,2022-03-01,81.25348091699193,93,34.69043010752688,"DERIVED: historical freight route activity + port wait-time; monthly vessel-supply proxy, not broker-reported open positions",DERIVED_PROXY
2022-03-01,Kolkata / Haldia Dock Complex (HDC),MR Tanker,6.59,1.52,2022-03-01,82.5456630482479,93,32.299247311827955,"DERIVED: historical freight route activity + port wait-time; monthly vessel-supply proxy, not broker-reported open positions",DERIVED_PROXY
2022-03-01,Paradip Port,Capesize,6.67,1.56,2022-03-01,84.07701334445798,93,29.46548387096774,"DERIVED: historical freight route activity + port wait-time; monthly vessel-supply proxy, not broker-reported open positions",DERIVED_PROXY
2022-03-01,Paradip Port,MR Tanker,3.91,0.85,2022-03-01,34.45435914860317,31,41.10387096774193,"DERIVED: historical freight route activity + port wait-time; monthly vessel-supply proxy, not broker-reported open positions",DERIVED_PROXY
2022-03-01,V.O. Chidambaranar Port (Tuticorin / VOC Port),MR Tanker,6.88,1.69,2022-03-01,87.89615008152653,93,22.398172043010756,"DERIVED: historical freight route activity + port wait-time; monthly vessel-supply proxy, not broker-reported open positions",DERIVED_PROXY
2022-03-01,V.O. Chidambaranar Port (Tuticorin / VOC Port),Supramax,5.2,1.31,2022-03-01,57.55534586421115,31,18.40258064516129,"DERIVED: historical freight route activity + port wait-time; monthly vessel-supply proxy, not broker-reported open positions",DERIVED_PROXY
2022-03-01,Visakhapatnam Port (Vizag),Capesize,4.24,0.99,2022-03-01,40.27806910107186,31,30.32709677419355,"DERIVED: historical freight route activity + port wait-time; monthly vessel-supply proxy, not broker-reported open positions",DERIVED_PROXY
2022-03-01,Visakhapatnam Port (Vizag),MR Tanker,5.67,1.39,2022-03-01,65.98950175274602,62,22.84225806451613,"DERIVED: historical freight route activity + port wait-time; monthly vessel-supply proxy, not broker-reported open positions",DERIVED_PROXY
2022-03-01,Visakhapatnam Port (Vizag),Panamax,6.83,1.66,2022-03-01,86.99345876895069,93,24.068602150537636,"DERIVED: historical freight route activity + port wait-time; monthly vessel-supply proxy, not broker-reported open positions",DERIVED_PROXY
2022-04-01,Chennai Port,MR Tanker,6.72,1.63,2022-04-01,84.88770317937953,90,24.085222222222225,"DERIVED: historical freight route activity + port wait-time; monthly vessel-supply proxy, not broker-reported open positions",DERIVED_PROXY
2022-04-01,Chennai Port,Panamax,5.6,1.38,2022-04-01,64.88540611475095,60,22.29866666666667,"DERIVED: historical freight route activity + port wait-time; monthly vessel-supply proxy, not broker-reported open positions",DERIVED_PROXY
2022-04-01,Chennai Port,Supramax,6.79,1.67,2022-04-01,86.23286528161047,60,21.596,"DERIVED: historical freight route activity + port wait-time; monthly vessel-supply proxy, not broker-reported open positions",DERIVED_PROXY
2022-04-01,Kamarajar Port (Ennore),MR Tanker,5.57,1.36,2022-04-01,64.17442702924828,60,23.61433333333333,"DERIVED: historical freight route activity + port wait-time; monthly vessel-supply proxy, not broker-reported open positions",DERIVED_PROXY
2022-04-01,Kamarajar Port (Ennore),Panamax,4.39,1.07,2022-04-01,43.03465949795617,30,23.932666666666666,"DERIVED: historical freight route activity + port wait-time; monthly vessel-supply proxy, not broker-reported open positions",DERIVED_PROXY
2022-04-01,Kolkata / Haldia Dock Complex (HDC),Handysize,6.43,1.47,2022-04-01,79.67241550024833,90,33.736111111111114,"DERIVED: historical freight route activity + port wait-time; monthly vessel-supply proxy, not broker-reported open positions",DERIVED_PROXY
2022-04-01,Kolkata / Haldia Dock Complex (HDC),MR Tanker,6.38,1.44,2022-04-01,78.91430200193258,90,35.138999999999996,"DERIVED: historical freight route activity + port wait-time; monthly vessel-supply proxy, not broker-reported open positions",DERIVED_PROXY
2022-04-01,Paradip Port,Capesize,6.55,1.53,2022-04-01,81.90388469487901,90,29.60677777777778,"DERIVED: historical freight route activity + port wait-time; monthly vessel-supply proxy, not broker-reported open positions",DERIVED_PROXY
2022-04-01,Paradip Port,MR Tanker,4.19,0.97,2022-04-01,39.3963631794907,30,30.66533333333333,"DERIVED: historical freight route activity + port wait-time; monthly vessel-supply proxy, not broker-reported open positions",DERIVED_PROXY
2022-04-01,V.O. Chidambaranar Port (Tuticorin / VOC Port),MR Tanker,6.92,1.75,2022-04-01,88.4947767020962,90,17.410333333333334,"DERIVED: historical freight route activity + port wait-time; monthly vessel-supply proxy, not broker-reported open positions",DERIVED_PROXY
2022-04-01,V.O. Chidambaranar Port (Tuticorin / VOC Port),Supramax,5.13,1.29,2022-04-01,56.36767062161297,30,18.66033333333333,"DERIVED: historical freight route activity + port wait-time; monthly vessel-supply proxy, not broker-reported open positions",DERIVED_PROXY
2022-04-01,Visakhapatnam Port (Vizag),Capesize,4.02,0.9,2022-04-01,36.33773007286906,30,36.32533333333333,"DERIVED: historical freight route activity + port wait-time; monthly vessel-supply proxy, not broker-reported open positions",DERIVED_PROXY
2022-04-01,Visakhapatnam Port (Vizag),MR Tanker,5.36,1.25,2022-04-01,60.488305793832964,60,30.4355,"DERIVED: historical freight route activity + port wait-time; monthly vessel-supply proxy, not broker-reported open positions",DERIVED_PROXY
2022-04-01,Visakhapatnam Port (Vizag),Panamax,6.62,1.58,2022-04-01,83.20461435700592,90,27.19977777777778,"DERIVED: historical freight route activity + port wait-time; monthly vessel-supply proxy, not broker-reported open positions",DERIVED_PROXY
2022-05-01,Chennai Port,MR Tanker,7.0,1.76,2022-05-01,90.0805642761621,93,18.355913978494623,"DERIVED: historical freight route activity + port wait-time; monthly vessel-supply proxy, not broker-reported open positions",DERIVED_PROXY
2022-05-01,Chennai Port,Panamax,5.76,1.44,2022-05-01,67.7402929077873,62,19.60241935483871,"DERIVED: historical freight route activity + port wait-time; monthly vessel-supply proxy, not broker-reported open positions",DERIVED_PROXY
2022-05-01,Chennai Port,Supramax,6.89,1.69,2022-05-01,87.93778370402157,62,22.321129032258067,"DERIVED: historical freight route activity + port wait-time; monthly vessel-supply proxy, not broker-reported open positions",DERIVED_PROXY
2022-05-01,Kamarajar Port (Ennore),MR Tanker,5.73,1.42,2022-05-01,67.21985809986421,62,20.565483870967743,"DERIVED: historical freight route activity + port wait-time; monthly vessel-supply proxy, not broker-reported open positions",DERIVED_PROXY
2022-05-01,Kamarajar Port (Ennore),Panamax,4.46,1.09,2022-05-01,44.21283864869887,31,23.0458064516129,"DERIVED: historical freight route activity + port wait-time; monthly vessel-supply proxy, not broker-reported open positions",DERIVED_PROXY
2022-05-01,Kolkata / Haldia Dock Complex (HDC),Handysize,6.58,1.51,2022-05-01,82.37488675164923,93,32.615268817204296,"DERIVED: historical freight route activity + port wait-time; monthly vessel-supply proxy, not broker-reported open positions",DERIVED_PROXY
2022-05-01,Kolkata / Haldia Dock Complex (HDC),MR Tanker,6.58,1.51,2022-05-01,82.52398915963568,93,32.339354838709674,"DERIVED: historical freight route activity + port wait-time; monthly vessel-supply proxy, not broker-reported open positions",DERIVED_PROXY
2022-05-01,Paradip Port,Capesize,6.78,1.63,2022-05-01,86.12022767494426,93,25.684516129032257,"DERIVED: historical freight route activity + port wait-time; monthly vessel-supply proxy, not broker-reported open positions",DERIVED_PROXY
2022-05-01,Paradip Port,MR Tanker,4.58,1.15,2022-05-01,46.43263996978173,31,18.938064516129035,"DERIVED: historical freight route activity + port wait-time; monthly vessel-supply proxy, not broker-reported open positions",DERIVED_PROXY
2022-05-01,V.O. Chidambaranar Port (Tuticorin / VOC Port),MR Tanker,6.98,1.75,2022-05-01,89.57497579140366,93,19.291505376344084,"DERIVED: historical freight route activity + port wait-time; monthly vessel-supply proxy, not broker-reported open positions",DERIVED_PROXY
2022-05-01,V.O. Chidambaranar Port (Tuticorin / VOC Port),Supramax,5.21,1.31,2022-05-01,57.720602001511814,31,18.096774193548388,"DERIVED: historical freight route activity + port wait-time; monthly vessel-supply proxy, not broker-reported open positions",DERIVED_PROXY
2022-05-01,Visakhapatnam Port (Vizag),Capesize,4.3,1.02,2022-05-01,41.38465766603447,31,28.279354838709676,"DERIVED: historical freight route activity + port wait-time; monthly vessel-supply proxy, not broker-reported open positions",DERIVED_PROXY
2022-05-01,Visakhapatnam Port (Vizag),MR Tanker,5.35,1.22,2022-05-01,60.38927109143709,62,33.20548387096774,"DERIVED: historical freight route activity + port wait-time; monthly vessel-supply proxy, not broker-reported open positions",DERIVED_PROXY
2022-05-01,Visakhapatnam Port (Vizag),Panamax,6.79,1.64,2022-05-01,86.30245103871883,93,25.34731182795699,"DERIVED: historical freight route activity + port wait-time; monthly vessel-supply proxy, not broker-reported open positions",DERIVED_PROXY
2022-06-01,Chennai Port,MR Tanker,6.63,1.58,2022-06-01,83.25036776154549,90,27.115111111111112,"DERIVED: historical freight route activity + port wait-time; monthly vessel-supply proxy, not broker-reported open positions",DERIVED_PROXY
2022-06-01,Chennai Port,Panamax,5.49,1.31,2022-06-01,62.75336951581257,60,26.244000000000003,"DERIVED: historical freight route activity + port wait-time; monthly vessel-supply proxy, not broker-reported open positions",DERIVED_PROXY
2022-06-01,Chennai Port,Supramax,6.57,1.55,2022-06-01,82.2832116413078,60,28.904833333333332,"DERIVED: historical freight route activity + port wait-time; monthly vessel-supply proxy, not broker-reported open positions",DERIVED_PROXY
2022-06-01,Kamarajar Port (Ennore),MR Tanker,5.32,1.23,2022-06-01,59.7666989490081,60,31.770833333333332,"DERIVED: historical freight route activity + port wait-time; monthly vessel-supply proxy, not broker-reported open positions",DERIVED_PROXY
2022-06-01,Kamarajar Port (Ennore),Panamax,4.22,0.99,2022-06-01,39.927030619544134,30,29.683333333333334,"DERIVED: historical freight route activity + port wait-time; monthly vessel-supply proxy, not broker-reported open positions",DERIVED_PROXY
2022-06-01,Kolkata / Haldia Dock Complex (HDC),Handysize,6.22,1.35,2022-06-01,75.95011785245103,90,40.62422222222222,"DERIVED: historical freight route activity + port wait-time; monthly vessel-supply proxy, not broker-reported open positions",DERIVED_PROXY
2022-06-01,Kolkata / Haldia Dock Complex (HDC),MR Tanker,6.19,1.34,2022-06-01,75.4375836514671,90,41.57266666666666,"DERIVED: historical freight route activity + port wait-time; monthly vessel-supply proxy, not broker-reported open positions",DERIVED_PROXY
2022-06-01,Paradip Port,Capesize,6.11,1.29,2022-06-01,74.0173067079251,90,44.20088888888889,"DERIVED: historical freight route activity + port wait-time; monthly vessel-supply proxy, not broker-reported open positions",DERIVED_PROXY
2022-06-01,Paradip Port,MR Tanker,4.02,0.9,2022-06-01,36.39879465609314,30,36.212333333333326,"DERIVED: historical freight route activity + port wait-time; monthly vessel-supply proxy, not broker-reported open positions",DERIVED_PROXY
2022-06-01,V.O. Chidambaranar Port (Tuticorin / VOC Port),MR Tanker,6.59,1.56,2022-06-01,82.530502188022,90,28.447222222222223,"DERIVED: historical freight route activity + port wait-time; monthly vessel-supply proxy, not broker-reported open positions",DERIVED_PROXY
2022-06-01,V.O. Chidambaranar Port (Tuticorin / VOC Port),Supramax,4.94,1.19,2022-06-01,52.87311925126787,30,25.127,"DERIVED: historical freight route activity + port wait-time; monthly vessel-supply proxy, not broker-reported open positions",DERIVED_PROXY
2022-06-01,Visakhapatnam Port (Vizag),Capesize,4.19,0.97,2022-06-01,39.40518962367353,30,30.649,"DERIVED: historical freight route activity + port wait-time; monthly vessel-supply proxy, not broker-reported open positions",DERIVED_PROXY
2022-06-01,Visakhapatnam Port (Vizag),MR Tanker,5.16,1.15,2022-06-01,56.915757477953875,60,37.0465,"DERIVED: historical freight route activity + port wait-time; monthly vessel-supply proxy, not broker-reported open positions",DERIVED_PROXY
2022-06-01,Visakhapatnam Port (Vizag),Panamax,6.2,1.34,2022-06-01,75.62600121504343,90,41.224,"DERIVED: historical freight route activity + port wait-time; monthly vessel-supply proxy, not broker-reported open positions",DERIVED_PROXY
2022-07-01,Chennai Port,MR Tanker,6.42,1.42,2022-07-01,79.58720630615028,93,37.773870967741935,"DERIVED: historical freight route activity + port wait-time; monthly vessel-supply proxy, not broker-reported open positions",DERIVED_PROXY
2022-07-01,Chennai Port,Panamax,5.13,1.12,2022-07-01,56.424431202370876,62,40.542419354838714,"DERIVED: historical freight route activity + port wait-time; monthly vessel-supply proxy, not broker-reported open positions",DERIVED_PROXY
2022-07-01,Chennai Port,Supramax,6.39,1.41,2022-07-01,79.07487741635425,62,38.721935483870965,"DERIVED: historical freight route activity + port wait-time; monthly vessel-supply proxy, not broker-reported open positions",DERIVED_PROXY
2022-07-01,Kamarajar Port (Ennore),MR Tanker,5.04,1.07,2022-07-01,54.740753563005484,62,43.65806451612904,"DERIVED: historical freight route activity + port wait-time; monthly vessel-supply proxy, not broker-reported open positions",DERIVED_PROXY
2022-07-01,Kamarajar Port (Ennore),Panamax,3.91,0.85,2022-07-01,34.415136964117245,31,41.17645161290323,"DERIVED: historical freight route activity + port wait-time; monthly vessel-supply proxy, not broker-reported open positions",DERIVED_PROXY
2022-07-01,Kolkata / Haldia Dock Complex (HDC),Handysize,5.61,1.01,2022-07-01,65.0,93,64.88548387096775,"DERIVED: historical freight route activity + port wait-time; monthly vessel-supply proxy, not broker-reported open positions",DERIVED_PROXY
2022-07-01,Kolkata / Haldia Dock Complex (HDC),MR Tanker,5.81,1.1,2022-07-01,68.54311075901624,93,58.210967741935484,"DERIVED: historical freight route activity + port wait-time; monthly vessel-supply proxy, not broker-reported open positions",DERIVED_PROXY
2022-07-01,Paradip Port,Capesize,5.66,1.03,2022-07-01,65.91528250539992,93,63.07376344086021,"DERIVED: historical freight route activity + port wait-time; monthly vessel-supply proxy, not broker-reported open positions",DERIVED_PROXY
2022-07-01,Paradip Port,MR Tanker,3.34,0.63,2022-07-01,24.183027796251626,31,60.11096774193548,"DERIVED: historical freight route activity + port wait-time; monthly vessel-supply proxy, not broker-reported open positions",DERIVED_PROXY
2022-07-01,V.O. Chidambaranar Port (Tuticorin / VOC Port),MR Tanker,6.51,1.47,2022-07-01,81.16440297800392,93,34.8552688172043,"DERIVED: historical freight route activity + port wait-time; monthly vessel-supply proxy, not broker-reported open positions",DERIVED_PROXY
2022-07-01,V.O. Chidambaranar Port (Tuticorin / VOC Port),Supramax,4.75,1.08,2022-07-01,49.4218850475719,31,33.453548387096774,"DERIVED: historical freight route activity + port wait-time; monthly vessel-supply proxy, not broker-reported open positions",DERIVED_PROXY
2022-07-01,Visakhapatnam Port (Vizag),Capesize,3.58,0.71,2022-07-01,28.516294738255542,31,52.09225806451612,"DERIVED: historical freight route activity + port wait-time; monthly vessel-supply proxy, not broker-reported open positions",DERIVED_PROXY
2022-07-01,Visakhapatnam Port (Vizag),MR Tanker,4.79,0.96,2022-07-01,50.20971965078259,62,52.042741935483875,"DERIVED: historical freight route activity + port wait-time; monthly vessel-supply proxy, not broker-reported open positions",DERIVED_PROXY
2022-07-01,Visakhapatnam Port (Vizag),Panamax,5.74,1.07,2022-07-01,67.31891374753587,93,60.476344086021506,"DERIVED: historical freight route activity + port wait-time; monthly vessel-supply proxy, not broker-reported open positions",DERIVED_PROXY
2022-08-01,Chennai Port,MR Tanker,6.44,1.43,2022-08-01,79.83206895122235,93,37.32075268817204,"DERIVED: historical freight route activity + port wait-time; monthly vessel-supply proxy, not broker-reported open positions",DERIVED_PROXY
2022-08-01,Chennai Port,Panamax,5.11,1.1,2022-08-01,55.90199170501848,62,41.5091935483871,"DERIVED: historical freight route activity + port wait-time; monthly vessel-supply proxy, not broker-reported open positions",DERIVED_PROXY
2022-08-01,Chennai Port,Supramax,6.32,1.37,2022-08-01,77.77801767642998,62,41.12177419354839,"DERIVED: historical freight route activity + port wait-time; monthly vessel-supply proxy, not broker-reported open positions",DERIVED_PROXY
2022-08-01,Kamarajar Port (Ennore),MR Tanker,4.98,1.04,2022-08-01,53.68550247951443,62,45.6108064516129,"DERIVED: historical freight route activity + port wait-time; monthly vessel-supply proxy, not broker-reported open positions",DERIVED_PROXY
2022-08-01,Kamarajar Port (Ennore),Panamax,3.79,0.8,2022-08-01,32.14635149263197,31,45.37483870967741,"DERIVED: historical freight route activity + port wait-time; monthly vessel-supply proxy, not broker-reported open positions",DERIVED_PROXY
2022-08-01,Kolkata / Haldia Dock Complex (HDC),Handysize,5.77,1.08,2022-08-01,67.77586672353178,93,59.630752688172045,"DERIVED: historical freight route activity + port wait-time; monthly vessel-supply proxy, not broker-reported open positions",DERIVED_PROXY
2022-08-01,Kolkata / Haldia Dock Complex (HDC),MR Tanker,5.82,1.11,2022-08-01,68.8431749970685,93,57.655698924731176,"DERIVED: historical freight route activity + port wait-time; monthly vessel-supply proxy, not broker-reported open positions",DERIVED_PROXY
2022-08-01,Paradip Port,Capesize,5.61,1.01,2022-08-01,65.0,93,65.33741935483872,"DERIVED: historical freight route activity + port wait-time; monthly vessel-supply proxy, not broker-reported open positions",DERIVED_PROXY
2022-08-01,Paradip Port,MR Tanker,3.42,0.65,2022-08-01,25.470561372309277,31,57.72838709677419,"DERIVED: historical freight route activity + port wait-time; monthly vessel-supply proxy, not broker-reported open positions",DERIVED_PROXY
2022-08-01,V.O. Chidambaranar Port (Tuticorin / VOC Port),MR Tanker,6.53,1.48,2022-08-01,81.49270718888602,93,34.24774193548387,"DERIVED: historical freight route activity + port wait-time; monthly vessel-supply proxy, not broker-reported open positions",DERIVED_PROXY
2022-08-01,V.O. Chidambaranar Port (Tuticorin / VOC Port),Supramax,4.84,1.13,2022-08-01,51.04951854332741,31,30.44161290322581,"DERIVED: historical freight route activity + port wait-time; monthly vessel-supply proxy, not broker-reported open positions",DERIVED_PROXY
2022-08-01,Visakhapatnam Port (Vizag),Capesize,3.35,0.63,2022-08-01,24.35246763323078,31,59.79741935483871,"DERIVED: historical freight route activity + port wait-time; monthly vessel-supply proxy, not broker-reported open positions",DERIVED_PROXY
2022-08-01,Visakhapatnam Port (Vizag),MR Tanker,4.84,0.98,2022-08-01,51.183998713412734,62,50.239838709677414,"DERIVED: historical freight route activity + port wait-time; monthly vessel-supply proxy, not broker-reported open positions",DERIVED_PROXY
2022-08-01,Visakhapatnam Port (Vizag),Panamax,5.67,1.04,2022-08-01,66.068219971425,93,62.79075268817204,"DERIVED: historical freight route activity + port wait-time; monthly vessel-supply proxy, not broker-reported open positions",DERIVED_PROXY
2022-09-01,Chennai Port,MR Tanker,6.22,1.35,2022-09-01,76.0186879154224,90,40.49733333333334,"DERIVED: historical freight route activity + port wait-time; monthly vessel-supply proxy, not broker-reported open positions",DERIVED_PROXY
2022-09-01,Chennai Port,Panamax,5.05,1.1,2022-09-01,54.887836894070105,60,40.799166666666665,"DERIVED: historical freight route activity + port wait-time; monthly vessel-supply proxy, not broker-reported open positions",DERIVED_PROXY
2022-09-01,Chennai Port,Supramax,6.39,1.44,2022-09-01,78.99392013109198,60,34.99166666666667,"DERIVED: historical freight route activity + port wait-time; monthly vessel-supply proxy, not broker-reported open positions",DERIVED_PROXY
2022-09-01,Kamarajar Port (Ennore),MR Tanker,4.87,1.01,2022-09-01,51.666364898850944,60,46.7605,"DERIVED: historical freight route activity + port wait-time; monthly vessel-supply proxy, not broker-reported open positions",DERIVED_PROXY
2022-09-01,Kamarajar Port (Ennore),Panamax,3.96,0.87,2022-09-01,35.21857297678895,30,38.39633333333334,"DERIVED: historical freight route activity + port wait-time; monthly vessel-supply proxy, not broker-reported open positions",DERIVED_PROXY
2022-09-01,Kolkata / Haldia Dock Complex (HDC),Handysize,5.77,1.12,2022-09-01,67.90514422091,90,55.51144444444444,"DERIVED: historical freight route activity + port wait-time; monthly vessel-supply proxy, not broker-reported open positions",DERIVED_PROXY
2022-09-01,Kolkata / Haldia Dock Complex (HDC),MR Tanker,5.57,1.03,2022-09-01,64.31500306050323,90,62.155,"DERIVED: historical freight route activity + port wait-time; monthly vessel-supply proxy, not broker-reported open positions",DERIVED_PROXY
2022-09-01,Paradip Port,Capesize,5.49,0.99,2022-09-01,62.903225806451616,90,65.29177777777778,"DERIVED: historical freight route activity + port wait-time; monthly vessel-supply proxy, not broker-reported open positions",DERIVED_PROXY
2022-09-01,Paradip Port,MR Tanker,3.68,0.76,2022-09-01,30.224246621418427,30,47.638333333333335,"DERIVED: historical freight route activity + port wait-time; monthly vessel-supply proxy, not broker-reported open positions",DERIVED_PROXY
2022-09-01,V.O. Chidambaranar Port (Tuticorin / VOC Port),MR Tanker,6.44,1.47,2022-09-01,79.90610611766043,90,33.303666666666665,"DERIVED: historical freight route activity + port wait-time; monthly vessel-supply proxy, not broker-reported open positions",DERIVED_PROXY
2022-09-01,V.O. Chidambaranar Port (Tuticorin / VOC Port),Supramax,4.62,1.04,2022-09-01,47.15610526198887,30,35.70633333333333,"DERIVED: historical freight route activity + port wait-time; monthly vessel-supply proxy, not broker-reported open positions",DERIVED_PROXY
2022-09-01,Visakhapatnam Port (Vizag),Capesize,3.63,0.74,2022-09-01,29.3457452279559,30,49.264,"DERIVED: historical freight route activity + port wait-time; monthly vessel-supply proxy, not broker-reported open positions",DERIVED_PROXY
2022-09-01,Visakhapatnam Port (Vizag),MR Tanker,4.7,0.93,2022-09-01,48.52460109854817,60,52.574333333333335,"DERIVED: historical freight route activity + port wait-time; monthly vessel-supply proxy, not broker-reported open positions",DERIVED_PROXY
2022-09-01,Visakhapatnam Port (Vizag),Panamax,5.6,1.04,2022-09-01,64.86188233681085,90,61.143,"DERIVED: historical freight route activity + port wait-time; monthly vessel-supply proxy, not broker-reported open positions",DERIVED_PROXY
2022-10-01,Chennai Port,MR Tanker,6.26,1.34,2022-10-01,76.75641051118683,93,43.012258064516125,"DERIVED: historical freight route activity + port wait-time; monthly vessel-supply proxy, not broker-reported open positions",DERIVED_PROXY
2022-10-01,Chennai Port,Panamax,5.08,1.09,2022-10-01,55.50131530039237,62,42.25064516129032,"DERIVED: historical freight route activity + port wait-time; monthly vessel-supply proxy, not broker-reported open positions",DERIVED_PROXY
2022-10-01,Chennai Port,Supramax,6.18,1.29,2022-10-01,75.31652053850391,62,45.67677419354839,"DERIVED: historical freight route activity + port wait-time; monthly vessel-supply proxy, not broker-reported open positions",DERIVED_PROXY
2022-10-01,Kamarajar Port (Ennore),MR Tanker,4.84,0.98,2022-10-01,51.1668281126489,62,50.27161290322581,"DERIVED: historical freight route activity + port wait-time; monthly vessel-supply proxy, not broker-reported open positions",DERIVED_PROXY
2022-10-01,Kamarajar Port (Ennore),Panamax,3.7,0.76,2022-10-01,30.592978666169795,31,48.24935483870968,"DERIVED: historical freight route activity + port wait-time; monthly vessel-supply proxy, not broker-reported open positions",DERIVED_PROXY
2022-10-01,Kolkata / Haldia Dock Complex (HDC),Handysize,5.65,1.03,2022-10-01,65.72207692996929,93,63.431290322580644,"DERIVED: historical freight route activity + port wait-time; monthly vessel-supply proxy, not broker-reported open positions",DERIVED_PROXY
2022-10-01,Kolkata / Haldia Dock Complex (HDC),MR Tanker,5.65,1.03,2022-10-01,65.61841414904652,93,63.62311827956989,"DERIVED: historical freight route activity + port wait-time; monthly vessel-supply proxy, not broker-reported open positions",DERIVED_PROXY
2022-10-01,Paradip Port,Capesize,5.61,1.01,2022-10-01,65.0,93,74.82698924731183,"DERIVED: historical freight route activity + port wait-time; monthly vessel-supply proxy, not broker-reported open positions",DERIVED_PROXY
2022-10-01,Paradip Port,MR Tanker,3.2,0.58,2022-10-01,21.666666666666668,31,65.16806451612904,"DERIVED: historical freight route activity + port wait-time; monthly vessel-supply proxy, not broker-reported open positions",DERIVED_PROXY
2022-10-01,V.O. Chidambaranar Port (Tuticorin / VOC Port),MR Tanker,6.31,1.36,2022-10-01,77.66752733005966,93,41.32623655913979,"DERIVED: historical freight route activity + port wait-time; monthly vessel-supply proxy, not broker-reported open positions",DERIVED_PROXY
2022-10-01,V.O. Chidambaranar Port (Tuticorin / VOC Port),Supramax,4.64,1.03,2022-10-01,47.495117024803804,31,37.01903225806451,"DERIVED: historical freight route activity + port wait-time; monthly vessel-supply proxy, not broker-reported open positions",DERIVED_PROXY
2022-10-01,Visakhapatnam Port (Vizag),Capesize,3.42,0.65,2022-10-01,25.49618653284007,31,57.68096774193548,"DERIVED: historical freight route activity + port wait-time; monthly vessel-supply proxy, not broker-reported open positions",DERIVED_PROXY
2022-10-01,Visakhapatnam Port (Vizag),MR Tanker,4.63,0.89,2022-10-01,47.352078449548785,62,57.3308064516129,"DERIVED: historical freight route activity + port wait-time; monthly vessel-supply proxy, not broker-reported open positions",DERIVED_PROXY
2022-10-01,Visakhapatnam Port (Vizag),Panamax,5.61,1.01,2022-10-01,65.0,93,73.00193548387097,"DERIVED: historical freight route activity + port wait-time; monthly vessel-supply proxy, not broker-reported open positions",DERIVED_PROXY
2022-11-01,Chennai Port,MR Tanker,6.38,1.44,2022-11-01,78.85023522680959,90,35.257555555555555,"DERIVED: historical freight route activity + port wait-time; monthly vessel-supply proxy, not broker-reported open positions",DERIVED_PROXY
2022-11-01,Chennai Port,Panamax,5.26,1.2,2022-11-01,58.76282602184659,60,33.6285,"DERIVED: historical freight route activity + port wait-time; monthly vessel-supply proxy, not broker-reported open positions",DERIVED_PROXY
2022-11-01,Chennai Port,Supramax,6.29,1.39,2022-11-01,77.2392590538481,60,38.23866666666667,"DERIVED: historical freight route activity + port wait-time; monthly vessel-supply proxy, not broker-reported open positions",DERIVED_PROXY
2022-11-01,Kamarajar Port (Ennore),MR Tanker,5.08,1.11,2022-11-01,55.43291485523838,60,39.790499999999994,"DERIVED: historical freight route activity + port wait-time; monthly vessel-supply proxy, not broker-reported open positions",DERIVED_PROXY
2022-11-01,Kamarajar Port (Ennore),Panamax,3.95,0.87,2022-11-01,35.168316284401,30,38.489333333333335,"DERIVED: historical freight route activity + port wait-time; monthly vessel-supply proxy, not broker-reported open positions",DERIVED_PROXY
2022-11-01,Kolkata / Haldia Dock Complex (HDC),Handysize,5.86,1.17,2022-11-01,69.5416990688503,90,52.483000000000004,"DERIVED: historical freight route activity + port wait-time; monthly vessel-supply proxy, not broker-reported open positions",DERIVED_PROXY
2022-11-01,Kolkata / Haldia Dock Complex (HDC),MR Tanker,5.84,1.16,2022-11-01,69.163843196452,90,53.182222222222215,"DERIVED: historical freight route activity + port wait-time; monthly vessel-supply proxy, not broker-reported open positions",DERIVED_PROXY
2022-11-01,Paradip Port,Capesize,5.49,0.99,2022-11-01,62.903225806451616,90,70.18611111111112,"DERIVED: historical freight route activity + port wait-time; monthly vessel-supply proxy, not broker-reported open positions",DERIVED_PROXY
2022-11-01,Paradip Port,MR Tanker,3.65,0.75,2022-11-01,29.739872980446368,30,48.534666666666666,"DERIVED: historical freight route activity + port wait-time; monthly vessel-supply proxy, not broker-reported open positions",DERIVED_PROXY
2022-11-01,V.O. Chidambaranar Port (Tuticorin / VOC Port),MR Tanker,6.52,1.52,2022-11-01,81.32572257898464,90,30.67666666666667,"DERIVED: historical freight route activity + port wait-time; monthly vessel-supply proxy, not broker-reported open positions",DERIVED_PROXY
2022-11-01,V.O. Chidambaranar Port (Tuticorin / VOC Port),Supramax,4.85,1.15,2022-11-01,51.31245981453232,30,28.015,"DERIVED: historical freight route activity + port wait-time; monthly vessel-supply proxy, not broker-reported open positions",DERIVED_PROXY
2022-11-01,Visakhapatnam Port (Vizag),Capesize,3.67,0.76,2022-11-01,30.013853013141983,30,48.02766666666666,"DERIVED: historical freight route activity + port wait-time; monthly vessel-supply proxy, not broker-reported open positions",DERIVED_PROXY
2022-11-01,Visakhapatnam Port (Vizag),MR Tanker,4.88,1.02,2022-11-01,51.823619710516475,60,46.469500000000004,"DERIVED: historical freight route activity + port wait-time; monthly vessel-supply proxy, not broker-reported open positions",DERIVED_PROXY
2022-11-01,Visakhapatnam Port (Vizag),Panamax,5.58,1.03,2022-11-01,64.40350767768345,90,61.99122222222222,"DERIVED: historical freight route activity + port wait-time; monthly vessel-supply proxy, not broker-reported open positions",DERIVED_PROXY
2022-12-01,Chennai Port,MR Tanker,6.42,1.42,2022-12-01,79.57279578503547,93,37.8005376344086,"DERIVED: historical freight route activity + port wait-time; monthly vessel-supply proxy, not broker-reported open positions",DERIVED_PROXY
2022-12-01,Chennai Port,Panamax,5.19,1.14,2022-12-01,57.48691659988934,62,38.57629032258065,"DERIVED: historical freight route activity + port wait-time; monthly vessel-supply proxy, not broker-reported open positions",DERIVED_PROXY
2022-12-01,Chennai Port,Supramax,6.64,1.55,2022-12-01,83.60137898725878,62,30.345645161290324,"DERIVED: historical freight route activity + port wait-time; monthly vessel-supply proxy, not broker-reported open positions",DERIVED_PROXY
2022-12-01,Kamarajar Port (Ennore),MR Tanker,5.14,1.12,2022-12-01,56.59788041820859,62,40.22145161290322,"DERIVED: historical freight route activity + port wait-time; monthly vessel-supply proxy, not broker-reported open positions",DERIVED_PROXY
2022-12-01,Kamarajar Port (Ennore),Panamax,4.12,0.94,2022-12-01,38.160768422112184,31,34.24516129032258,"DERIVED: historical freight route activity + port wait-time; monthly vessel-supply proxy, not broker-reported open positions",DERIVED_PROXY
2022-12-01,Kolkata / Haldia Dock Complex (HDC),Handysize,6.12,1.26,2022-12-01,74.16327210073803,93,47.810860215053765,"DERIVED: historical freight route activity + port wait-time; monthly vessel-supply proxy, not broker-reported open positions",DERIVED_PROXY
2022-12-01,Kolkata / Haldia Dock Complex (HDC),MR Tanker,6.04,1.22,2022-12-01,72.73831561162974,93,50.447741935483876,"DERIVED: historical freight route activity + port wait-time; monthly vessel-supply proxy, not broker-reported open positions",DERIVED_PROXY
2022-12-01,Paradip Port,Capesize,5.61,1.01,2022-12-01,65.0,93,65.18559139784946,"DERIVED: historical freight route activity + port wait-time; monthly vessel-supply proxy, not broker-reported open positions",DERIVED_PROXY
2022-12-01,Paradip Port,MR Tanker,4.0,0.88,2022-12-01,35.91481897803871,31,38.40129032258065,"DERIVED: historical freight route activity + port wait-time; monthly vessel-supply proxy, not broker-reported open positions",DERIVED_PROXY
2022-12-01,V.O. Chidambaranar Port (Tuticorin / VOC Port),MR Tanker,6.64,1.55,2022-12-01,83.54626455468858,93,30.447634408602152,"DERIVED: historical freight route activity + port wait-time; monthly vessel-supply proxy, not broker-reported open positions",DERIVED_PROXY
2022-12-01,V.O. Chidambaranar Port (Tuticorin / VOC Port),Supramax,4.59,1.01,2022-12-01,46.587777157029635,31,38.69806451612903,"DERIVED: historical freight route activity + port wait-time; monthly vessel-supply proxy, not broker-reported open positions",DERIVED_PROXY
2022-12-01,Visakhapatnam Port (Vizag),Capesize,3.88,0.83,2022-12-01,33.78357263348404,31,42.34516129032258,"DERIVED: historical freight route activity + port wait-time; monthly vessel-supply proxy, not broker-reported open positions",DERIVED_PROXY
2022-12-01,Visakhapatnam Port (Vizag),MR Tanker,4.9,1.01,2022-12-01,52.22948783098729,62,48.30516129032258,"DERIVED: historical freight route activity + port wait-time; monthly vessel-supply proxy, not broker-reported open positions",DERIVED_PROXY
2022-12-01,Visakhapatnam Port (Vizag),Panamax,5.71,1.06,2022-12-01,66.78665417732701,93,61.46129032258064,"DERIVED: historical freight route activity + port wait-time; monthly vessel-supply proxy, not broker-reported open positions",DERIVED_PROXY
2023-01-01,Chennai Port,MR Tanker,6.7,1.58,2023-01-01,84.64773970893303,93,28.409354838709678,"DERIVED: historical freight route activity + port wait-time; monthly vessel-supply proxy, not broker-reported open positions",DERIVED_PROXY
2023-01-01,Chennai Port,Panamax,5.55,1.32,2023-01-01,63.83934159922816,62,26.821129032258067,"DERIVED: historical freight route activity + port wait-time; monthly vessel-supply proxy, not broker-reported open positions",DERIVED_PROXY
2023-01-01,Chennai Port,Supramax,6.7,1.58,2023-01-01,84.62560096480098,62,28.450322580645164,"DERIVED: historical freight route activity + port wait-time; monthly vessel-supply proxy, not broker-reported open positions",DERIVED_PROXY
2023-01-01,Kamarajar Port (Ennore),MR Tanker,5.32,1.21,2023-01-01,59.68056979798158,62,34.516935483870974,"DERIVED: historical freight route activity + port wait-time; monthly vessel-supply proxy, not broker-reported open positions",DERIVED_PROXY
2023-01-01,Kamarajar Port (Ennore),Panamax,4.09,0.92,2023-01-01,37.574527504662704,31,35.33,"DERIVED: historical freight route activity + port wait-time; monthly vessel-supply proxy, not broker-reported open positions",DERIVED_PROXY
2023-01-01,Kolkata / Haldia Dock Complex (HDC),Handysize,6.29,1.35,2023-01-01,77.21818636320101,93,42.15774193548387,"DERIVED: historical freight route activity + port wait-time; monthly vessel-supply proxy, not broker-reported open positions",DERIVED_PROXY
2023-01-01,Kolkata / Haldia Dock Complex (HDC),MR Tanker,6.29,1.35,2023-01-01,77.27245824514152,93,42.05731182795699,"DERIVED: historical freight route activity + port wait-time; monthly vessel-supply proxy, not broker-reported open positions",DERIVED_PROXY
2023-01-01,Paradip Port,Capesize,6.06,1.23,2023-01-01,73.0533714401966,93,49.8647311827957,"DERIVED: historical freight route activity + port wait-time; monthly vessel-supply proxy, not broker-reported open positions",DERIVED_PROXY
2023-01-01,Paradip Port,MR Tanker,4.06,0.91,2023-01-01,37.04528949533275,31,36.30935483870967,"DERIVED: historical freight route activity + port wait-time; monthly vessel-supply proxy, not broker-reported open positions",DERIVED_PROXY
2023-01-01,V.O. Chidambaranar Port (Tuticorin / VOC Port),MR Tanker,6.75,1.61,2023-01-01,85.41370539173798,93,26.991935483870968,"DERIVED: historical freight route activity + port wait-time; monthly vessel-supply proxy, not broker-reported open positions",DERIVED_PROXY
2023-01-01,V.O. Chidambaranar Port (Tuticorin / VOC Port),Supramax,4.89,1.15,2023-01-01,52.03756895073259,31,28.613225806451613,"DERIVED: historical freight route activity + port wait-time; monthly vessel-supply proxy, not broker-reported open positions",DERIVED_PROXY
2023-01-01,Visakhapatnam Port (Vizag),Capesize,4.4,1.06,2023-01-01,43.20195221388188,31,24.916451612903224,"DERIVED: historical freight route activity + port wait-time; monthly vessel-supply proxy, not broker-reported open positions",DERIVED_PROXY
2023-01-01,Visakhapatnam Port (Vizag),MR Tanker,5.32,1.21,2023-01-01,59.746027265868086,62,34.395806451612906,"DERIVED: historical freight route activity + port wait-time; monthly vessel-supply proxy, not broker-reported open positions",DERIVED_PROXY
2023-01-01,Visakhapatnam Port (Vizag),Panamax,6.23,1.32,2023-01-01,76.126589388753,93,44.177741935483866,"DERIVED: historical freight route activity + port wait-time; monthly vessel-supply proxy, not broker-reported open positions",DERIVED_PROXY
2023-02-01,Chennai Port,MR Tanker,6.49,1.58,2023-02-01,80.8423043848034,84,23.81107142857143,"DERIVED: historical freight route activity + port wait-time; monthly vessel-supply proxy, not broker-reported open positions",DERIVED_PROXY
2023-02-01,Chennai Port,Panamax,5.53,1.38,2023-02-01,63.46737874167048,56,19.749285714285715,"DERIVED: historical freight route activity + port wait-time; monthly vessel-supply proxy, not broker-reported open positions",DERIVED_PROXY
2023-02-01,Chennai Port,Supramax,6.55,1.61,2023-02-01,81.86895751520937,56,21.91125,"DERIVED: historical freight route activity + port wait-time; monthly vessel-supply proxy, not broker-reported open positions",DERIVED_PROXY
2023-02-01,Kamarajar Port (Ennore),MR Tanker,5.36,1.29,2023-02-01,60.50408667206746,56,25.232857142857142,"DERIVED: historical freight route activity + port wait-time; monthly vessel-supply proxy, not broker-reported open positions",DERIVED_PROXY
2023-02-01,Kamarajar Port (Ennore),Panamax,4.32,1.05,2023-02-01,41.78782457695192,28,23.653214285714284,"DERIVED: historical freight route activity + port wait-time; monthly vessel-supply proxy, not broker-reported open positions",DERIVED_PROXY
2023-02-01,Kolkata / Haldia Dock Complex (HDC),Handysize,6.21,1.42,2023-02-01,75.76381801281497,84,33.20880952380952,"DERIVED: historical freight route activity + port wait-time; monthly vessel-supply proxy, not broker-reported open positions",DERIVED_PROXY
2023-02-01,Kolkata / Haldia Dock Complex (HDC),MR Tanker,6.3,1.47,2023-02-01,77.45274395400918,84,30.083452380952384,"DERIVED: historical freight route activity + port wait-time; monthly vessel-supply proxy, not broker-reported open positions",DERIVED_PROXY
2023-02-01,Paradip Port,Capesize,6.26,1.45,2023-02-01,76.73170323679953,84,31.417738095238096,"DERIVED: historical freight route activity + port wait-time; monthly vessel-supply proxy, not broker-reported open positions",DERIVED_PROXY
2023-02-01,Paradip Port,MR Tanker,4.0,0.91,2023-02-01,35.94268561511807,28,34.46964285714286,"DERIVED: historical freight route activity + port wait-time; monthly vessel-supply proxy, not broker-reported open positions",DERIVED_PROXY
2023-02-01,V.O. Chidambaranar Port (Tuticorin / VOC Port),MR Tanker,6.77,1.74,2023-02-01,85.80904488546841,84,14.620119047619047,"DERIVED: historical freight route activity + port wait-time; monthly vessel-supply proxy, not broker-reported open positions",DERIVED_PROXY
2023-02-01,V.O. Chidambaranar Port (Tuticorin / VOC Port),Supramax,4.83,1.17,2023-02-01,50.97852981557518,28,24.752857142857145,"DERIVED: historical freight route activity + port wait-time; monthly vessel-supply proxy, not broker-reported open positions",DERIVED_PROXY
2023-02-01,Visakhapatnam Port (Vizag),Capesize,4.08,0.94,2023-02-01,37.501337872126925,28,31.58535714285714,"DERIVED: historical freight route activity + port wait-time; monthly vessel-supply proxy, not broker-reported open positions",DERIVED_PROXY
2023-02-01,Visakhapatnam Port (Vizag),MR Tanker,5.19,1.21,2023-02-01,57.497177043018674,56,30.797142857142855,"DERIVED: historical freight route activity + port wait-time; monthly vessel-supply proxy, not broker-reported open positions",DERIVED_PROXY
2023-02-01,Visakhapatnam Port (Vizag),Panamax,6.24,1.44,2023-02-01,76.3353495734583,84,32.15119047619047,"DERIVED: historical freight route activity + port wait-time; monthly vessel-supply proxy, not broker-reported open positions",DERIVED_PROXY
2023-03-01,Chennai Port,MR Tanker,6.87,1.68,2023-03-01,87.69393793039913,93,22.77236559139785,"DERIVED: historical freight route activity + port wait-time; monthly vessel-supply proxy, not broker-reported open positions",DERIVED_PROXY
2023-03-01,Chennai Port,Panamax,5.91,1.52,2023-03-01,70.33601707706518,62,14.799032258064516,"DERIVED: historical freight route activity + port wait-time; monthly vessel-supply proxy, not broker-reported open positions",DERIVED_PROXY
2023-03-01,Chennai Port,Supramax,6.83,1.66,2023-03-01,86.91739678451799,62,24.20935483870968,"DERIVED: historical freight route activity + port wait-time; monthly vessel-supply proxy, not broker-reported open positions",DERIVED_PROXY
2023-03-01,Kamarajar Port (Ennore),MR Tanker,5.75,1.43,2023-03-01,67.42241889263147,62,20.190645161290323,"DERIVED: historical freight route activity + port wait-time; monthly vessel-supply proxy, not broker-reported open positions",DERIVED_PROXY
2023-03-01,Kamarajar Port (Ennore),Panamax,4.58,1.15,2023-03-01,46.36326028344665,31,19.06645161290323,"DERIVED: historical freight route activity + port wait-time; monthly vessel-supply proxy, not broker-reported open positions",DERIVED_PROXY
2023-03-01,Kolkata / Haldia Dock Complex (HDC),Handysize,6.54,1.49,2023-03-01,81.76290445978898,93,33.74774193548387,"DERIVED: historical freight route activity + port wait-time; monthly vessel-supply proxy, not broker-reported open positions",DERIVED_PROXY
2023-03-01,Kolkata / Haldia Dock Complex (HDC),MR Tanker,6.59,1.52,2023-03-01,82.63950575631421,93,32.12559139784946,"DERIVED: historical freight route activity + port wait-time; monthly vessel-supply proxy, not broker-reported open positions",DERIVED_PROXY
2023-03-01,Paradip Port,Capesize,6.59,1.52,2023-03-01,82.6899425802161,93,32.03225806451613,"DERIVED: historical freight route activity + port wait-time; monthly vessel-supply proxy, not broker-reported open positions",DERIVED_PROXY
2023-03-01,Paradip Port,MR Tanker,4.56,1.14,2023-03-01,46.02856430916684,31,19.6858064516129,"DERIVED: historical freight route activity + port wait-time; monthly vessel-supply proxy, not broker-reported open positions",DERIVED_PROXY
2023-03-01,V.O. Chidambaranar Port (Tuticorin / VOC Port),MR Tanker,7.02,1.77,2023-03-01,90.44745149519035,93,17.676989247311827,"DERIVED: historical freight route activity + port wait-time; monthly vessel-supply proxy, not broker-reported open positions",DERIVED_PROXY
2023-03-01,V.O. Chidambaranar Port (Tuticorin / VOC Port),Supramax,5.22,1.32,2023-03-01,57.95663239170705,31,17.66,"DERIVED: historical freight route activity + port wait-time; monthly vessel-supply proxy, not broker-reported open positions",DERIVED_PROXY
2023-03-01,Visakhapatnam Port (Vizag),Capesize,4.34,1.03,2023-03-01,42.06102244739159,31,27.02774193548387,"DERIVED: historical freight route activity + port wait-time; monthly vessel-supply proxy, not broker-reported open positions",DERIVED_PROXY
2023-03-01,Visakhapatnam Port (Vizag),MR Tanker,5.47,1.28,2023-03-01,62.397098295476084,62,29.49,"DERIVED: historical freight route activity + port wait-time; monthly vessel-supply proxy, not broker-reported open positions",DERIVED_PROXY
2023-03-01,Visakhapatnam Port (Vizag),Panamax,6.69,1.58,2023-03-01,84.45505709596223,93,28.765913978494623,"DERIVED: historical freight route activity + port wait-time; monthly vessel-supply proxy, not broker-reported open positions",DERIVED_PROXY
2023-04-01,Chennai Port,MR Tanker,6.8,1.68,2023-04-01,86.46067160290066,90,21.174444444444443,"DERIVED: historical freight route activity + port wait-time; monthly vessel-supply proxy, not broker-reported open positions",DERIVED_PROXY
2023-04-01,Chennai Port,Panamax,5.59,1.37,2023-04-01,64.64808284514118,60,22.737833333333334,"DERIVED: historical freight route activity + port wait-time; monthly vessel-supply proxy, not broker-reported open positions",DERIVED_PROXY
2023-04-01,Chennai Port,Supramax,6.8,1.68,2023-04-01,86.42578613303519,60,21.238999999999997,"DERIVED: historical freight route activity + port wait-time; monthly vessel-supply proxy, not broker-reported open positions",DERIVED_PROXY
2023-04-01,Kamarajar Port (Ennore),MR Tanker,5.62,1.38,2023-04-01,65.08985538306754,60,21.920333333333335,"DERIVED: historical freight route activity + port wait-time; monthly vessel-supply proxy, not broker-reported open positions",DERIVED_PROXY
2023-04-01,Kamarajar Port (Ennore),Panamax,4.37,1.06,2023-04-01,42.673495812515874,30,24.601,"DERIVED: historical freight route activity + port wait-time; monthly vessel-supply proxy, not broker-reported open positions",DERIVED_PROXY
2023-04-01,Kolkata / Haldia Dock Complex (HDC),Handysize,6.5,1.5,2023-04-01,80.93843982402372,90,31.393333333333334,"DERIVED: historical freight route activity + port wait-time; monthly vessel-supply proxy, not broker-reported open positions",DERIVED_PROXY
2023-04-01,Kolkata / Haldia Dock Complex (HDC),MR Tanker,6.54,1.53,2023-04-01,81.72339291791583,90,29.94077777777778,"DERIVED: historical freight route activity + port wait-time; monthly vessel-supply proxy, not broker-reported open positions",DERIVED_PROXY
2023-04-01,Paradip Port,Capesize,6.48,1.49,2023-04-01,80.65131019081082,90,31.924666666666663,"DERIVED: historical freight route activity + port wait-time; monthly vessel-supply proxy, not broker-reported open positions",DERIVED_PROXY
2023-04-01,Paradip Port,MR Tanker,4.26,1.01,2023-04-01,40.59189603747938,30,28.453,"DERIVED: historical freight route activity + port wait-time; monthly vessel-supply proxy, not broker-reported open positions",DERIVED_PROXY
2023-04-01,V.O. Chidambaranar Port (Tuticorin / VOC Port),MR Tanker,6.86,1.72,2023-04-01,87.41056511971955,90,19.416666666666668,"DERIVED: historical freight route activity + port wait-time; monthly vessel-supply proxy, not broker-reported open positions",DERIVED_PROXY
2023-04-01,V.O. Chidambaranar Port (Tuticorin / VOC Port),Supramax,5.1,1.27,2023-04-01,55.773957151682175,30,19.759,"DERIVED: historical freight route activity + port wait-time; monthly vessel-supply proxy, not broker-reported open positions",DERIVED_PROXY
2023-04-01,Visakhapatnam Port (Vizag),Capesize,4.3,1.03,2023-04-01,41.431489023931874,30,26.899333333333335,"DERIVED: historical freight route activity + port wait-time; monthly vessel-supply proxy, not broker-reported open positions",DERIVED_PROXY
2023-04-01,Visakhapatnam Port (Vizag),MR Tanker,5.61,1.38,2023-04-01,64.96430371785462,60,22.15266666666667,"DERIVED: historical freight route activity + port wait-time; monthly vessel-supply proxy, not broker-reported open positions",DERIVED_PROXY
2023-04-01,Visakhapatnam Port (Vizag),Panamax,6.75,1.65,2023-04-01,85.42149289900783,90,23.097444444444445,"DERIVED: historical freight route activity + port wait-time; monthly vessel-supply proxy, not broker-reported open positions",DERIVED_PROXY
2023-05-01,Chennai Port,MR Tanker,6.96,1.74,2023-05-01,89.35172892800382,93,19.704623655913977,"DERIVED: historical freight route activity + port wait-time; monthly vessel-supply proxy, not broker-reported open positions",DERIVED_PROXY
2023-05-01,Chennai Port,Panamax,5.59,1.35,2023-05-01,64.60905517966175,62,25.396774193548385,"DERIVED: historical freight route activity + port wait-time; monthly vessel-supply proxy, not broker-reported open positions",DERIVED_PROXY
2023-05-01,Chennai Port,Supramax,6.95,1.73,2023-05-01,89.09222333405702,62,20.184838709677418,"DERIVED: historical freight route activity + port wait-time; monthly vessel-supply proxy, not broker-reported open positions",DERIVED_PROXY
2023-05-01,Kamarajar Port (Ennore),MR Tanker,5.6,1.35,2023-05-01,64.83070410221217,62,24.986612903225808,"DERIVED: historical freight route activity + port wait-time; monthly vessel-supply proxy, not broker-reported open positions",DERIVED_PROXY
2023-05-01,Kamarajar Port (Ennore),Panamax,4.46,1.09,2023-05-01,44.35246962546873,31,22.787419354838708,"DERIVED: historical freight route activity + port wait-time; monthly vessel-supply proxy, not broker-reported open positions",DERIVED_PROXY
2023-05-01,Kolkata / Haldia Dock Complex (HDC),Handysize,6.59,1.52,2023-05-01,82.70040182941234,93,32.01290322580645,"DERIVED: historical freight route activity + port wait-time; monthly vessel-supply proxy, not broker-reported open positions",DERIVED_PROXY
2023-05-01,Kolkata / Haldia Dock Complex (HDC),MR Tanker,6.52,1.48,2023-05-01,81.3574342326146,93,34.498064516129034,"DERIVED: historical freight route activity + port wait-time; monthly vessel-supply proxy, not broker-reported open positions",DERIVED_PROXY
2023-05-01,Paradip Port,Capesize,6.72,1.59,2023-05-01,85.01369721692163,93,27.73215053763441,"DERIVED: historical freight route activity + port wait-time; monthly vessel-supply proxy, not broker-reported open positions",DERIVED_PROXY
2023-05-01,Paradip Port,MR Tanker,4.24,0.99,2023-05-01,40.38074406401498,31,30.137096774193548,"DERIVED: historical freight route activity + port wait-time; monthly vessel-supply proxy, not broker-reported open positions",DERIVED_PROXY
2023-05-01,V.O. Chidambaranar Port (Tuticorin / VOC Port),MR Tanker,6.95,1.73,2023-05-01,89.18141748692499,93,20.01978494623656,"DERIVED: historical freight route activity + port wait-time; monthly vessel-supply proxy, not broker-reported open positions",DERIVED_PROXY
2023-05-01,V.O. Chidambaranar Port (Tuticorin / VOC Port),Supramax,4.98,1.2,2023-05-01,53.72638905428614,31,25.488064516129032,"DERIVED: historical freight route activity + port wait-time; monthly vessel-supply proxy, not broker-reported open positions",DERIVED_PROXY
2023-05-01,Visakhapatnam Port (Vizag),Capesize,4.29,1.01,2023-05-01,41.22689732399113,31,28.571290322580648,"DERIVED: historical freight route activity + port wait-time; monthly vessel-supply proxy, not broker-reported open positions",DERIVED_PROXY
2023-05-01,Visakhapatnam Port (Vizag),MR Tanker,5.48,1.29,2023-05-01,62.58675934756796,62,29.139032258064514,"DERIVED: historical freight route activity + port wait-time; monthly vessel-supply proxy, not broker-reported open positions",DERIVED_PROXY
2023-05-01,Visakhapatnam Port (Vizag),Panamax,6.66,1.56,2023-05-01,83.80693228743496,93,29.9652688172043,"DERIVED: historical freight route activity + port wait-time; monthly vessel-supply proxy, not broker-reported open positions",DERIVED_PROXY
2023-06-01,Chennai Port,MR Tanker,6.64,1.59,2023-06-01,83.53605634264689,90,26.586444444444446,"DERIVED: historical freight route activity + port wait-time; monthly vessel-supply proxy, not broker-reported open positions",DERIVED_PROXY
2023-06-01,Chennai Port,Panamax,5.31,1.22,2023-06-01,59.57179665093009,60,32.1315,"DERIVED: historical freight route activity + port wait-time; monthly vessel-supply proxy, not broker-reported open positions",DERIVED_PROXY
2023-06-01,Chennai Port,Supramax,6.65,1.59,2023-06-01,83.71876974161529,60,26.248333333333335,"DERIVED: historical freight route activity + port wait-time; monthly vessel-supply proxy, not broker-reported open positions",DERIVED_PROXY
2023-06-01,Kamarajar Port (Ennore),MR Tanker,5.39,1.26,2023-06-01,61.076795449859645,60,29.3465,"DERIVED: historical freight route activity + port wait-time; monthly vessel-supply proxy, not broker-reported open positions",DERIVED_PROXY
2023-06-01,Kamarajar Port (Ennore),Panamax,4.02,0.9,2023-06-01,36.39681320943984,30,36.216,"DERIVED: historical freight route activity + port wait-time; monthly vessel-supply proxy, not broker-reported open positions",DERIVED_PROXY
2023-06-01,Kolkata / Haldia Dock Complex (HDC),Handysize,6.17,1.32,2023-06-01,75.02424187082352,90,42.337555555555554,"DERIVED: historical freight route activity + port wait-time; monthly vessel-supply proxy, not broker-reported open positions",DERIVED_PROXY
2023-06-01,Kolkata / Haldia Dock Complex (HDC),MR Tanker,6.21,1.35,2023-06-01,75.83561425342616,90,40.83611111111111,"DERIVED: historical freight route activity + port wait-time; monthly vessel-supply proxy, not broker-reported open positions",DERIVED_PROXY
2023-06-01,Paradip Port,Capesize,5.98,1.23,2023-06-01,71.6926494767519,90,48.50266666666666,"DERIVED: historical freight route activity + port wait-time; monthly vessel-supply proxy, not broker-reported open positions",DERIVED_PROXY
2023-06-01,Paradip Port,MR Tanker,4.1,0.94,2023-06-01,37.81210651442961,30,33.597,"DERIVED: historical freight route activity + port wait-time; monthly vessel-supply proxy, not broker-reported open positions",DERIVED_PROXY
2023-06-01,V.O. Chidambaranar Port (Tuticorin / VOC Port),MR Tanker,6.64,1.59,2023-06-01,83.45379628461644,90,26.738666666666667,"DERIVED: historical freight route activity + port wait-time; monthly vessel-supply proxy, not broker-reported open positions",DERIVED_PROXY
2023-06-01,V.O. Chidambaranar Port (Tuticorin / VOC Port),Supramax,4.83,1.14,2023-06-01,51.003714399647194,30,28.586333333333336,"DERIVED: historical freight route activity + port wait-time; monthly vessel-supply proxy, not broker-reported open positions",DERIVED_PROXY
2023-06-01,Visakhapatnam Port (Vizag),Capesize,4.0,0.89,2023-06-01,35.92126601265061,30,37.096000000000004,"DERIVED: historical freight route activity + port wait-time; monthly vessel-supply proxy, not broker-reported open positions",DERIVED_PROXY
2023-06-01,Visakhapatnam Port (Vizag),MR Tanker,5.1,1.12,2023-06-01,55.84883852091501,60,39.020833333333336,"DERIVED: historical freight route activity + port wait-time; monthly vessel-supply proxy, not broker-reported open positions",DERIVED_PROXY
2023-06-01,Visakhapatnam Port (Vizag),Panamax,6.28,1.38,2023-06-01,76.97518625441893,90,38.727333333333334,"DERIVED: historical freight route activity + port wait-time; monthly vessel-supply proxy, not broker-reported open positions",DERIVED_PROXY
2023-07-01,Chennai Port,MR Tanker,6.36,1.39,2023-07-01,78.54314080860522,93,39.70591397849462,"DERIVED: historical freight route activity + port wait-time; monthly vessel-supply proxy, not broker-reported open positions",DERIVED_PROXY
2023-07-01,Chennai Port,Panamax,5.23,1.16,2023-07-01,58.194746289245145,62,37.266451612903225,"DERIVED: historical freight route activity + port wait-time; monthly vessel-supply proxy, not broker-reported open positions",DERIVED_PROXY
2023-07-01,Chennai Port,Supramax,6.27,1.34,2023-07-01,76.9205335631579,62,42.70854838709677,"DERIVED: historical freight route activity + port wait-time; monthly vessel-supply proxy, not broker-reported open positions",DERIVED_PROXY
2023-07-01,Kamarajar Port (Ennore),MR Tanker,5.23,1.16,2023-07-01,58.10715007722661,62,37.428548387096775,"DERIVED: historical freight route activity + port wait-time; monthly vessel-supply proxy, not broker-reported open positions",DERIVED_PROXY
2023-07-01,Kamarajar Port (Ennore),Panamax,3.84,0.82,2023-07-01,33.04776445252827,31,43.70677419354839,"DERIVED: historical freight route activity + port wait-time; monthly vessel-supply proxy, not broker-reported open positions",DERIVED_PROXY
2023-07-01,Kolkata / Haldia Dock Complex (HDC),Handysize,5.96,1.18,2023-07-01,71.26356147495933,93,53.17677419354838,"DERIVED: historical freight route activity + port wait-time; monthly vessel-supply proxy, not broker-reported open positions",DERIVED_PROXY
2023-07-01,Kolkata / Haldia Dock Complex (HDC),MR Tanker,5.66,1.03,2023-07-01,65.83648949478821,93,63.21956989247312,"DERIVED: historical freight route activity + port wait-time; monthly vessel-supply proxy, not broker-reported open positions",DERIVED_PROXY
2023-07-01,Paradip Port,Capesize,5.74,1.07,2023-07-01,67.26626885991477,93,60.57376344086021,"DERIVED: historical freight route activity + port wait-time; monthly vessel-supply proxy, not broker-reported open positions",DERIVED_PROXY
2023-07-01,Paradip Port,MR Tanker,3.65,0.74,2023-07-01,29.651820559327767,31,49.990967741935485,"DERIVED: historical freight route activity + port wait-time; monthly vessel-supply proxy, not broker-reported open positions",DERIVED_PROXY
2023-07-01,V.O. Chidambaranar Port (Tuticorin / VOC Port),MR Tanker,6.43,1.43,2023-07-01,79.66751009720146,93,37.6252688172043,"DERIVED: historical freight route activity + port wait-time; monthly vessel-supply proxy, not broker-reported open positions",DERIVED_PROXY
2023-07-01,V.O. Chidambaranar Port (Tuticorin / VOC Port),Supramax,4.6,1.02,2023-07-01,46.87575515156622,31,38.16516129032258,"DERIVED: historical freight route activity + port wait-time; monthly vessel-supply proxy, not broker-reported open positions",DERIVED_PROXY
2023-07-01,Visakhapatnam Port (Vizag),Capesize,3.66,0.74,2023-07-01,29.804874239232802,31,49.707741935483874,"DERIVED: historical freight route activity + port wait-time; monthly vessel-supply proxy, not broker-reported open positions",DERIVED_PROXY
2023-07-01,Visakhapatnam Port (Vizag),MR Tanker,4.78,0.95,2023-07-01,49.96166112401168,62,52.50177419354839,"DERIVED: historical freight route activity + port wait-time; monthly vessel-supply proxy, not broker-reported open positions",DERIVED_PROXY
2023-07-01,Visakhapatnam Port (Vizag),Panamax,5.69,1.05,2023-07-01,66.44004628035147,93,62.10268817204301,"DERIVED: historical freight route activity + port wait-time; monthly vessel-supply proxy, not broker-reported open positions",DERIVED_PROXY
2023-08-01,Chennai Port,MR Tanker,6.24,1.32,2023-08-01,76.26639468634279,93,43.91903225806451,"DERIVED: historical freight route activity + port wait-time; monthly vessel-supply proxy, not broker-reported open positions",DERIVED_PROXY
2023-08-01,Chennai Port,Panamax,5.12,1.11,2023-08-01,56.19084130365476,62,40.97467741935483,"DERIVED: historical freight route activity + port wait-time; monthly vessel-supply proxy, not broker-reported open positions",DERIVED_PROXY
2023-08-01,Chennai Port,Supramax,6.32,1.37,2023-08-01,77.71595946453226,62,41.236612903225804,"DERIVED: historical freight route activity + port wait-time; monthly vessel-supply proxy, not broker-reported open positions",DERIVED_PROXY
2023-08-01,Kamarajar Port (Ennore),MR Tanker,4.95,1.03,2023-08-01,53.182151111945196,62,46.542258064516126,"DERIVED: historical freight route activity + port wait-time; monthly vessel-supply proxy, not broker-reported open positions",DERIVED_PROXY
2023-08-01,Kamarajar Port (Ennore),Panamax,3.93,0.86,2023-08-01,34.82060719129164,31,40.42612903225807,"DERIVED: historical freight route activity + port wait-time; monthly vessel-supply proxy, not broker-reported open positions",DERIVED_PROXY
2023-08-01,Kolkata / Haldia Dock Complex (HDC),Handysize,5.68,1.04,2023-08-01,66.24440021344172,93,62.4647311827957,"DERIVED: historical freight route activity + port wait-time; monthly vessel-supply proxy, not broker-reported open positions",DERIVED_PROXY
2023-08-01,Kolkata / Haldia Dock Complex (HDC),MR Tanker,5.75,1.08,2023-08-01,67.52798251758078,93,60.089462365591395,"DERIVED: historical freight route activity + port wait-time; monthly vessel-supply proxy, not broker-reported open positions",DERIVED_PROXY
2023-08-01,Paradip Port,Capesize,5.61,1.01,2023-08-01,65.0,93,65.6163440860215,"DERIVED: historical freight route activity + port wait-time; monthly vessel-supply proxy, not broker-reported open positions",DERIVED_PROXY
2023-08-01,Paradip Port,MR Tanker,3.22,0.58,2023-08-01,21.872753969621247,31,64.38612903225807,"DERIVED: historical freight route activity + port wait-time; monthly vessel-supply proxy, not broker-reported open positions",DERIVED_PROXY
2023-08-01,V.O. Chidambaranar Port (Tuticorin / VOC Port),MR Tanker,6.51,1.47,2023-08-01,81.1268658947774,93,34.924731182795696,"DERIVED: historical freight route activity + port wait-time; monthly vessel-supply proxy, not broker-reported open positions",DERIVED_PROXY
2023-08-01,V.O. Chidambaranar Port (Tuticorin / VOC Port),Supramax,4.65,1.04,2023-08-01,47.71580718284456,31,36.61064516129032,"DERIVED: historical freight route activity + port wait-time; monthly vessel-supply proxy, not broker-reported open positions",DERIVED_PROXY
2023-08-01,Visakhapatnam Port (Vizag),Capesize,3.64,0.74,2023-08-01,29.543741650966577,31,50.19096774193549,"DERIVED: historical freight route activity + port wait-time; monthly vessel-supply proxy, not broker-reported open positions",DERIVED_PROXY
2023-08-01,Visakhapatnam Port (Vizag),MR Tanker,4.68,0.91,2023-08-01,48.252096842885585,62,55.66532258064516,"DERIVED: historical freight route activity + port wait-time; monthly vessel-supply proxy, not broker-reported open positions",DERIVED_PROXY
2023-08-01,Visakhapatnam Port (Vizag),Panamax,5.65,1.03,2023-08-01,65.68913029500114,93,63.49225806451613,"DERIVED: historical freight route activity + port wait-time; monthly vessel-supply proxy, not broker-reported open positions",DERIVED_PROXY
2023-09-01,Chennai Port,MR Tanker,6.34,1.42,2023-09-01,78.15168521576844,90,36.550222222222224,"DERIVED: historical freight route activity + port wait-time; monthly vessel-supply proxy, not broker-reported open positions",DERIVED_PROXY
2023-09-01,Chennai Port,Panamax,5.08,1.11,2023-09-01,55.45435050539667,60,39.75083333333334,"DERIVED: historical freight route activity + port wait-time; monthly vessel-supply proxy, not broker-reported open positions",DERIVED_PROXY
2023-09-01,Chennai Port,Supramax,6.32,1.41,2023-09-01,77.8281990386596,60,37.14883333333333,"DERIVED: historical freight route activity + port wait-time; monthly vessel-supply proxy, not broker-reported open positions",DERIVED_PROXY
2023-09-01,Kamarajar Port (Ennore),MR Tanker,4.96,1.05,2023-09-01,53.3529362638273,60,43.6395,"DERIVED: historical freight route activity + port wait-time; monthly vessel-supply proxy, not broker-reported open positions",DERIVED_PROXY
2023-09-01,Kamarajar Port (Ennore),Panamax,3.92,0.86,2023-09-01,34.48868008232305,30,39.747,"DERIVED: historical freight route activity + port wait-time; monthly vessel-supply proxy, not broker-reported open positions",DERIVED_PROXY
2023-09-01,Kolkata / Haldia Dock Complex (HDC),Handysize,5.68,1.08,2023-09-01,66.22463728356948,90,58.62122222222222,"DERIVED: historical freight route activity + port wait-time; monthly vessel-supply proxy, not broker-reported open positions",DERIVED_PROXY
2023-09-01,Kolkata / Haldia Dock Complex (HDC),MR Tanker,5.77,1.12,2023-09-01,67.91769338304749,90,55.48822222222222,"DERIVED: historical freight route activity + port wait-time; monthly vessel-supply proxy, not broker-reported open positions",DERIVED_PROXY
2023-09-01,Paradip Port,Capesize,5.49,0.99,2023-09-01,62.903225806451616,90,65.19944444444444,"DERIVED: historical freight route activity + port wait-time; monthly vessel-supply proxy, not broker-reported open positions",DERIVED_PROXY
2023-09-01,Paradip Port,MR Tanker,3.32,0.62,2023-09-01,23.812465382890917,30,59.50333333333333,"DERIVED: historical freight route activity + port wait-time; monthly vessel-supply proxy, not broker-reported open positions",DERIVED_PROXY
2023-09-01,V.O. Chidambaranar Port (Tuticorin / VOC Port),MR Tanker,6.34,1.42,2023-09-01,78.15324635555588,90,36.547333333333334,"DERIVED: historical freight route activity + port wait-time; monthly vessel-supply proxy, not broker-reported open positions",DERIVED_PROXY
2023-09-01,V.O. Chidambaranar Port (Tuticorin / VOC Port),Supramax,4.56,1.01,2023-09-01,46.07567644140486,30,37.705666666666666,"DERIVED: historical freight route activity + port wait-time; monthly vessel-supply proxy, not broker-reported open positions",DERIVED_PROXY
2023-09-01,Visakhapatnam Port (Vizag),Capesize,3.19,0.58,2023-09-01,21.350607981936975,30,64.059,"DERIVED: historical freight route activity + port wait-time; monthly vessel-supply proxy, not broker-reported open positions",DERIVED_PROXY
2023-09-01,Visakhapatnam Port (Vizag),MR Tanker,4.59,0.89,2023-09-01,46.57764963017832,60,56.17716666666667,"DERIVED: historical freight route activity + port wait-time; monthly vessel-supply proxy, not broker-reported open positions",DERIVED_PROXY
2023-09-01,Visakhapatnam Port (Vizag),Panamax,5.49,0.99,2023-09-01,62.903225806451616,90,68.923,"DERIVED: historical freight route activity + port wait-time; monthly vessel-supply proxy, not broker-reported open positions",DERIVED_PROXY
2023-10-01,Chennai Port,MR Tanker,6.41,1.42,2023-10-01,79.3794158887849,93,38.15838709677419,"DERIVED: historical freight route activity + port wait-time; monthly vessel-supply proxy, not broker-reported open positions",DERIVED_PROXY
2023-10-01,Chennai Port,Panamax,5.05,1.08,2023-10-01,54.891366751431406,62,43.37935483870968,"DERIVED: historical freight route activity + port wait-time; monthly vessel-supply proxy, not broker-reported open positions",DERIVED_PROXY
2023-10-01,Chennai Port,Supramax,6.22,1.31,2023-10-01,75.99053198879187,62,44.42951612903226,"DERIVED: historical freight route activity + port wait-time; monthly vessel-supply proxy, not broker-reported open positions",DERIVED_PROXY
2023-10-01,Kamarajar Port (Ennore),MR Tanker,4.78,0.95,2023-10-01,49.9871991241325,62,52.45451612903226,"DERIVED: historical freight route activity + port wait-time; monthly vessel-supply proxy, not broker-reported open positions",DERIVED_PROXY
2023-10-01,Kamarajar Port (Ennore),Panamax,3.7,0.76,2023-10-01,30.615640372761654,31,48.20741935483871,"DERIVED: historical freight route activity + port wait-time; monthly vessel-supply proxy, not broker-reported open positions",DERIVED_PROXY
2023-10-01,Kolkata / Haldia Dock Complex (HDC),Handysize,5.61,1.01,2023-10-01,65.0,93,65.34741935483872,"DERIVED: historical freight route activity + port wait-time; monthly vessel-supply proxy, not broker-reported open positions",DERIVED_PROXY
2023-10-01,Kolkata / Haldia Dock Complex (HDC),MR Tanker,5.61,1.01,2023-10-01,65.0,93,66.04655913978495,"DERIVED: historical freight route activity + port wait-time; monthly vessel-supply proxy, not broker-reported open positions",DERIVED_PROXY
2023-10-01,Paradip Port,Capesize,5.61,1.01,2023-10-01,65.0,93,76.35322580645162,"DERIVED: historical freight route activity + port wait-time; monthly vessel-supply proxy, not broker-reported open positions",DERIVED_PROXY
2023-10-01,Paradip Port,MR Tanker,3.42,0.65,2023-10-01,25.504030969737247,31,57.66645161290323,"DERIVED: historical freight route activity + port wait-time; monthly vessel-supply proxy, not broker-reported open positions",DERIVED_PROXY
2023-10-01,V.O. Chidambaranar Port (Tuticorin / VOC Port),MR Tanker,6.34,1.38,2023-10-01,78.15295270664532,93,40.42795698924731,"DERIVED: historical freight route activity + port wait-time; monthly vessel-supply proxy, not broker-reported open positions",DERIVED_PROXY
2023-10-01,V.O. Chidambaranar Port (Tuticorin / VOC Port),Supramax,4.51,0.97,2023-10-01,45.094893655085734,31,41.46064516129032,"DERIVED: historical freight route activity + port wait-time; monthly vessel-supply proxy, not broker-reported open positions",DERIVED_PROXY
2023-10-01,Visakhapatnam Port (Vizag),Capesize,3.47,0.67,2023-10-01,26.43019748606466,31,55.95258064516129,"DERIVED: historical freight route activity + port wait-time; monthly vessel-supply proxy, not broker-reported open positions",DERIVED_PROXY
2023-10-01,Visakhapatnam Port (Vizag),MR Tanker,4.41,0.79,2023-10-01,43.372769932427765,62,64.69451612903225,"DERIVED: historical freight route activity + port wait-time; monthly vessel-supply proxy, not broker-reported open positions",DERIVED_PROXY
2023-10-01,Visakhapatnam Port (Vizag),Panamax,5.61,1.01,2023-10-01,65.0,93,74.31849462365591,"DERIVED: historical freight route activity + port wait-time; monthly vessel-supply proxy, not broker-reported open positions",DERIVED_PROXY
2023-11-01,Chennai Port,MR Tanker,6.37,1.43,2023-11-01,78.63443767311509,90,35.656888888888886,"DERIVED: historical freight route activity + port wait-time; monthly vessel-supply proxy, not broker-reported open positions",DERIVED_PROXY
2023-11-01,Chennai Port,Panamax,5.22,1.18,2023-11-01,58.018522606265876,60,35.005833333333335,"DERIVED: historical freight route activity + port wait-time; monthly vessel-supply proxy, not broker-reported open positions",DERIVED_PROXY
2023-11-01,Chennai Port,Supramax,6.35,1.42,2023-11-01,78.33635003947113,60,36.2085,"DERIVED: historical freight route activity + port wait-time; monthly vessel-supply proxy, not broker-reported open positions",DERIVED_PROXY
2023-11-01,Kamarajar Port (Ennore),MR Tanker,4.99,1.07,2023-11-01,53.87279581304462,60,42.6775,"DERIVED: historical freight route activity + port wait-time; monthly vessel-supply proxy, not broker-reported open positions",DERIVED_PROXY
2023-11-01,Kamarajar Port (Ennore),Panamax,3.93,0.86,2023-11-01,34.74842972541778,30,39.266333333333336,"DERIVED: historical freight route activity + port wait-time; monthly vessel-supply proxy, not broker-reported open positions",DERIVED_PROXY
2023-11-01,Kolkata / Haldia Dock Complex (HDC),Handysize,5.97,1.22,2023-11-01,71.50171007198047,90,48.856,"DERIVED: historical freight route activity + port wait-time; monthly vessel-supply proxy, not broker-reported open positions",DERIVED_PROXY
2023-11-01,Kolkata / Haldia Dock Complex (HDC),MR Tanker,5.76,1.12,2023-11-01,67.68202131898212,90,55.92433333333334,"DERIVED: historical freight route activity + port wait-time; monthly vessel-supply proxy, not broker-reported open positions",DERIVED_PROXY
2023-11-01,Paradip Port,Capesize,5.57,1.02,2023-11-01,64.20254095196961,90,62.36311111111112,"DERIVED: historical freight route activity + port wait-time; monthly vessel-supply proxy, not broker-reported open positions",DERIVED_PROXY
2023-11-01,Paradip Port,MR Tanker,3.34,0.63,2023-11-01,24.201549452991195,30,58.78333333333333,"DERIVED: historical freight route activity + port wait-time; monthly vessel-supply proxy, not broker-reported open positions",DERIVED_PROXY
2023-11-01,V.O. Chidambaranar Port (Tuticorin / VOC Port),MR Tanker,6.51,1.51,2023-11-01,81.19248530251048,90,30.923222222222225,"DERIVED: historical freight route activity + port wait-time; monthly vessel-supply proxy, not broker-reported open positions",DERIVED_PROXY
2023-11-01,V.O. Chidambaranar Port (Tuticorin / VOC Port),Supramax,4.69,1.07,2023-11-01,48.45467334594855,30,33.303333333333335,"DERIVED: historical freight route activity + port wait-time; monthly vessel-supply proxy, not broker-reported open positions",DERIVED_PROXY
2023-11-01,Visakhapatnam Port (Vizag),Capesize,3.7,0.77,2023-11-01,30.566676629409457,30,47.00466666666667,"DERIVED: historical freight route activity + port wait-time; monthly vessel-supply proxy, not broker-reported open positions",DERIVED_PROXY
2023-11-01,Visakhapatnam Port (Vizag),MR Tanker,4.78,0.97,2023-11-01,50.057790479408595,60,49.73716666666667,"DERIVED: historical freight route activity + port wait-time; monthly vessel-supply proxy, not broker-reported open positions",DERIVED_PROXY
2023-11-01,Visakhapatnam Port (Vizag),Panamax,5.53,1.01,2023-11-01,63.61345085756316,90,63.45322222222222,"DERIVED: historical freight route activity + port wait-time; monthly vessel-supply proxy, not broker-reported open positions",DERIVED_PROXY
2023-12-01,Chennai Port,MR Tanker,6.51,1.47,2023-12-01,81.09949752604722,93,34.97537634408602,"DERIVED: historical freight route activity + port wait-time; monthly vessel-supply proxy, not broker-reported open positions",DERIVED_PROXY
2023-12-01,Chennai Port,Panamax,5.31,1.2,2023-12-01,59.607790855657726,62,34.65161290322581,"DERIVED: historical freight route activity + port wait-time; monthly vessel-supply proxy, not broker-reported open positions",DERIVED_PROXY
2023-12-01,Chennai Port,Supramax,6.39,1.41,2023-12-01,79.02763647415124,62,38.80935483870967,"DERIVED: historical freight route activity + port wait-time; monthly vessel-supply proxy, not broker-reported open positions",DERIVED_PROXY
2023-12-01,Kamarajar Port (Ennore),MR Tanker,5.15,1.12,2023-12-01,56.66464529224462,62,40.097903225806455,"DERIVED: historical freight route activity + port wait-time; monthly vessel-supply proxy, not broker-reported open positions",DERIVED_PROXY
2023-12-01,Kamarajar Port (Ennore),Panamax,3.9,0.84,2023-12-01,34.12925081941991,31,41.70548387096774,"DERIVED: historical freight route activity + port wait-time; monthly vessel-supply proxy, not broker-reported open positions",DERIVED_PROXY
2023-12-01,Kolkata / Haldia Dock Complex (HDC),Handysize,5.85,1.12,2023-12-01,69.30588056012233,93,56.7994623655914,"DERIVED: historical freight route activity + port wait-time; monthly vessel-supply proxy, not broker-reported open positions",DERIVED_PROXY
2023-12-01,Kolkata / Haldia Dock Complex (HDC),MR Tanker,6.13,1.27,2023-12-01,74.30726109800632,93,47.54440860215054,"DERIVED: historical freight route activity + port wait-time; monthly vessel-supply proxy, not broker-reported open positions",DERIVED_PROXY
2023-12-01,Paradip Port,Capesize,5.61,1.01,2023-12-01,65.0,93,64.81483870967742,"DERIVED: historical freight route activity + port wait-time; monthly vessel-supply proxy, not broker-reported open positions",DERIVED_PROXY
2023-12-01,Paradip Port,MR Tanker,3.39,0.64,2023-12-01,24.931038434603014,31,58.72677419354839,"DERIVED: historical freight route activity + port wait-time; monthly vessel-supply proxy, not broker-reported open positions",DERIVED_PROXY
2023-12-01,V.O. Chidambaranar Port (Tuticorin / VOC Port),MR Tanker,6.71,1.59,2023-12-01,84.79480837402022,93,28.137204301075272,"DERIVED: historical freight route activity + port wait-time; monthly vessel-supply proxy, not broker-reported open positions",DERIVED_PROXY
2023-12-01,V.O. Chidambaranar Port (Tuticorin / VOC Port),Supramax,4.89,1.15,2023-12-01,52.097709633611004,31,28.501935483870966,"DERIVED: historical freight route activity + port wait-time; monthly vessel-supply proxy, not broker-reported open positions",DERIVED_PROXY
2023-12-01,Visakhapatnam Port (Vizag),Capesize,3.79,0.8,2023-12-01,32.19655588877395,31,45.28193548387097,"DERIVED: historical freight route activity + port wait-time; monthly vessel-supply proxy, not broker-reported open positions",DERIVED_PROXY
2023-12-01,Visakhapatnam Port (Vizag),MR Tanker,4.95,1.03,2023-12-01,53.15382397870536,62,46.59467741935484,"DERIVED: historical freight route activity + port wait-time; monthly vessel-supply proxy, not broker-reported open positions",DERIVED_PROXY
2023-12-01,Visakhapatnam Port (Vizag),Panamax,5.77,1.09,2023-12-01,67.87360259657667,93,59.44989247311828,"DERIVED: historical freight route activity + port wait-time; monthly vessel-supply proxy, not broker-reported open positions",DERIVED_PROXY
2024-01-01,Chennai Port,MR Tanker,6.61,1.53,2024-01-01,82.99360944854703,93,31.47032258064516,"DERIVED: historical freight route activity + port wait-time; monthly vessel-supply proxy, not broker-reported open positions",DERIVED_PROXY
2024-01-01,Chennai Port,Panamax,5.55,1.33,2024-01-01,63.89259660971904,62,26.72258064516129,"DERIVED: historical freight route activity + port wait-time; monthly vessel-supply proxy, not broker-reported open positions",DERIVED_PROXY
2024-01-01,Chennai Port,Supramax,6.6,1.52,2024-01-01,82.8491846492289,62,31.73758064516129,"DERIVED: historical freight route activity + port wait-time; monthly vessel-supply proxy, not broker-reported open positions",DERIVED_PROXY
2024-01-01,Kamarajar Port (Ennore),MR Tanker,5.34,1.22,2024-01-01,60.150451568122854,62,33.64741935483871,"DERIVED: historical freight route activity + port wait-time; monthly vessel-supply proxy, not broker-reported open positions",DERIVED_PROXY
2024-01-01,Kamarajar Port (Ennore),Panamax,4.15,0.95,2024-01-01,38.66908793304964,31,33.30451612903226,"DERIVED: historical freight route activity + port wait-time; monthly vessel-supply proxy, not broker-reported open positions",DERIVED_PROXY
2024-01-01,Kolkata / Haldia Dock Complex (HDC),Handysize,6.25,1.33,2024-01-01,76.43815880092112,93,43.601182795698925,"DERIVED: historical freight route activity + port wait-time; monthly vessel-supply proxy, not broker-reported open positions",DERIVED_PROXY
2024-01-01,Kolkata / Haldia Dock Complex (HDC),MR Tanker,6.21,1.31,2024-01-01,75.72321101141786,93,44.924193548387095,"DERIVED: historical freight route activity + port wait-time; monthly vessel-supply proxy, not broker-reported open positions",DERIVED_PROXY
2024-01-01,Paradip Port,Capesize,6.17,1.29,2024-01-01,75.02894929254718,93,46.2089247311828,"DERIVED: historical freight route activity + port wait-time; monthly vessel-supply proxy, not broker-reported open positions",DERIVED_PROXY
2024-01-01,Paradip Port,MR Tanker,3.9,0.84,2024-01-01,34.19427248525656,31,41.585161290322574,"DERIVED: historical freight route activity + port wait-time; monthly vessel-supply proxy, not broker-reported open positions",DERIVED_PROXY
2024-01-01,V.O. Chidambaranar Port (Tuticorin / VOC Port),MR Tanker,6.77,1.62,2024-01-01,85.90645224276103,93,26.08010752688172,"DERIVED: historical freight route activity + port wait-time; monthly vessel-supply proxy, not broker-reported open positions",DERIVED_PROXY
2024-01-01,V.O. Chidambaranar Port (Tuticorin / VOC Port),Supramax,5.17,1.29,2024-01-01,56.97206840070061,31,19.48193548387097,"DERIVED: historical freight route activity + port wait-time; monthly vessel-supply proxy, not broker-reported open positions",DERIVED_PROXY
2024-01-01,Visakhapatnam Port (Vizag),Capesize,4.12,0.94,2024-01-01,38.10271958907303,31,34.35258064516129,"DERIVED: historical freight route activity + port wait-time; monthly vessel-supply proxy, not broker-reported open positions",DERIVED_PROXY
2024-01-01,Visakhapatnam Port (Vizag),MR Tanker,5.27,1.18,2024-01-01,58.92000806059471,62,35.924354838709675,"DERIVED: historical freight route activity + port wait-time; monthly vessel-supply proxy, not broker-reported open positions",DERIVED_PROXY
2024-01-01,Visakhapatnam Port (Vizag),Panamax,6.32,1.37,2024-01-01,77.71314127794327,93,41.24182795698925,"DERIVED: historical freight route activity + port wait-time; monthly vessel-supply proxy, not broker-reported open positions",DERIVED_PROXY
2024-02-01,Chennai Port,MR Tanker,6.68,1.65,2024-02-01,84.16231575191846,87,21.547471264367815,"DERIVED: historical freight route activity + port wait-time; monthly vessel-supply proxy, not broker-reported open positions",DERIVED_PROXY
2024-02-01,Chennai Port,Panamax,5.6,1.4,2024-02-01,64.7608628443735,58,19.942413793103448,"DERIVED: historical freight route activity + port wait-time; monthly vessel-supply proxy, not broker-reported open positions",DERIVED_PROXY
2024-02-01,Chennai Port,Supramax,6.69,1.66,2024-02-01,84.45509157637849,58,21.00568965517241,"DERIVED: historical freight route activity + port wait-time; monthly vessel-supply proxy, not broker-reported open positions",DERIVED_PROXY
2024-02-01,Kamarajar Port (Ennore),MR Tanker,5.36,1.27,2024-02-01,60.40183549292677,58,28.008793103448276,"DERIVED: historical freight route activity + port wait-time; monthly vessel-supply proxy, not broker-reported open positions",DERIVED_PROXY
2024-02-01,Kamarajar Port (Ennore),Panamax,4.35,1.06,2024-02-01,42.328976729285046,29,23.945172413793102,"DERIVED: historical freight route activity + port wait-time; monthly vessel-supply proxy, not broker-reported open positions",DERIVED_PROXY
2024-02-01,Kolkata / Haldia Dock Complex (HDC),Handysize,6.37,1.47,2024-02-01,78.70793350995714,87,31.64080459770115,"DERIVED: historical freight route activity + port wait-time; monthly vessel-supply proxy, not broker-reported open positions",DERIVED_PROXY
2024-02-01,Kolkata / Haldia Dock Complex (HDC),MR Tanker,6.22,1.39,2024-02-01,75.89222948988757,87,36.85126436781609,"DERIVED: historical freight route activity + port wait-time; monthly vessel-supply proxy, not broker-reported open positions",DERIVED_PROXY
2024-02-01,Paradip Port,Capesize,6.36,1.46,2024-02-01,78.4080455964124,87,32.195747126436785,"DERIVED: historical freight route activity + port wait-time; monthly vessel-supply proxy, not broker-reported open positions",DERIVED_PROXY
2024-02-01,Paradip Port,MR Tanker,4.27,1.02,2024-02-01,40.94780281760724,29,26.50103448275862,"DERIVED: historical freight route activity + port wait-time; monthly vessel-supply proxy, not broker-reported open positions",DERIVED_PROXY
2024-02-01,V.O. Chidambaranar Port (Tuticorin / VOC Port),MR Tanker,6.63,1.62,2024-02-01,83.25240314928452,87,23.23126436781609,"DERIVED: historical freight route activity + port wait-time; monthly vessel-supply proxy, not broker-reported open positions",DERIVED_PROXY
2024-02-01,V.O. Chidambaranar Port (Tuticorin / VOC Port),Supramax,5.05,1.26,2024-02-01,54.83739445647272,29,19.55206896551724,"DERIVED: historical freight route activity + port wait-time; monthly vessel-supply proxy, not broker-reported open positions",DERIVED_PROXY
2024-02-01,Visakhapatnam Port (Vizag),Capesize,4.25,1.01,2024-02-01,40.54232056830733,29,27.251379310344827,"DERIVED: historical freight route activity + port wait-time; monthly vessel-supply proxy, not broker-reported open positions",DERIVED_PROXY
2024-02-01,Visakhapatnam Port (Vizag),MR Tanker,5.24,1.21,2024-02-01,58.23932561097573,58,32.01051724137931,"DERIVED: historical freight route activity + port wait-time; monthly vessel-supply proxy, not broker-reported open positions",DERIVED_PROXY
2024-02-01,Visakhapatnam Port (Vizag),Panamax,6.43,1.51,2024-02-01,79.80381637215051,87,29.612873563218393,"DERIVED: historical freight route activity + port wait-time; monthly vessel-supply proxy, not broker-reported open positions",DERIVED_PROXY
2024-03-01,Chennai Port,MR Tanker,6.99,1.75,2024-03-01,89.83889751278888,93,18.803118279569894,"DERIVED: historical freight route activity + port wait-time; monthly vessel-supply proxy, not broker-reported open positions",DERIVED_PROXY
2024-03-01,Chennai Port,Panamax,5.7,1.4,2024-03-01,66.56685230837871,62,21.773870967741935,"DERIVED: historical freight route activity + port wait-time; monthly vessel-supply proxy, not broker-reported open positions",DERIVED_PROXY
2024-03-01,Chennai Port,Supramax,6.73,1.6,2024-03-01,85.11971332891355,62,27.535967741935483,"DERIVED: historical freight route activity + port wait-time; monthly vessel-supply proxy, not broker-reported open positions",DERIVED_PROXY
2024-03-01,Kamarajar Port (Ennore),MR Tanker,5.67,1.39,2024-03-01,66.02279702935408,62,22.780645161290323,"DERIVED: historical freight route activity + port wait-time; monthly vessel-supply proxy, not broker-reported open positions",DERIVED_PROXY
2024-03-01,Kamarajar Port (Ennore),Panamax,4.34,1.03,2024-03-01,42.04271876129816,31,27.061612903225804,"DERIVED: historical freight route activity + port wait-time; monthly vessel-supply proxy, not broker-reported open positions",DERIVED_PROXY
2024-03-01,Kolkata / Haldia Dock Complex (HDC),Handysize,6.58,1.51,2024-03-01,82.35437500183659,93,32.653225806451616,"DERIVED: historical freight route activity + port wait-time; monthly vessel-supply proxy, not broker-reported open positions",DERIVED_PROXY
2024-03-01,Kolkata / Haldia Dock Complex (HDC),MR Tanker,6.59,1.52,2024-03-01,82.6912790398356,93,32.02978494623656,"DERIVED: historical freight route activity + port wait-time; monthly vessel-supply proxy, not broker-reported open positions",DERIVED_PROXY
2024-03-01,Paradip Port,Capesize,6.64,1.55,2024-03-01,83.5968756994104,93,30.353978494623657,"DERIVED: historical freight route activity + port wait-time; monthly vessel-supply proxy, not broker-reported open positions",DERIVED_PROXY
2024-03-01,Paradip Port,MR Tanker,4.42,1.07,2024-03-01,43.49969217433496,31,24.365483870967743,"DERIVED: historical freight route activity + port wait-time; monthly vessel-supply proxy, not broker-reported open positions",DERIVED_PROXY
2024-03-01,V.O. Chidambaranar Port (Tuticorin / VOC Port),MR Tanker,6.93,1.72,2024-03-01,88.71290122987322,93,20.886774193548387,"DERIVED: historical freight route activity + port wait-time; monthly vessel-supply proxy, not broker-reported open positions",DERIVED_PROXY
2024-03-01,V.O. Chidambaranar Port (Tuticorin / VOC Port),Supramax,5.03,1.22,2024-03-01,54.522337918120314,31,24.01516129032258,"DERIVED: historical freight route activity + port wait-time; monthly vessel-supply proxy, not broker-reported open positions",DERIVED_PROXY
2024-03-01,Visakhapatnam Port (Vizag),Capesize,4.31,1.02,2024-03-01,41.55740959859244,31,27.95967741935484,"DERIVED: historical freight route activity + port wait-time; monthly vessel-supply proxy, not broker-reported open positions",DERIVED_PROXY
2024-03-01,Visakhapatnam Port (Vizag),MR Tanker,5.35,1.22,2024-03-01,60.383518504379154,62,33.21612903225807,"DERIVED: historical freight route activity + port wait-time; monthly vessel-supply proxy, not broker-reported open positions",DERIVED_PROXY
2024-03-01,Visakhapatnam Port (Vizag),Panamax,6.63,1.54,2024-03-01,83.27839156138477,93,30.943333333333335,"DERIVED: historical freight route activity + port wait-time; monthly vessel-supply proxy, not broker-reported open positions",DERIVED_PROXY
2024-04-01,Chennai Port,MR Tanker,6.75,1.65,2024-04-01,85.55166793974509,90,22.856555555555556,"DERIVED: historical freight route activity + port wait-time; monthly vessel-supply proxy, not broker-reported open positions",DERIVED_PROXY
2024-04-01,Chennai Port,Panamax,5.69,1.42,2024-04-01,66.36680768535498,60,19.557333333333336,"DERIVED: historical freight route activity + port wait-time; monthly vessel-supply proxy, not broker-reported open positions",DERIVED_PROXY
2024-04-01,Chennai Port,Supramax,6.64,1.59,2024-04-01,83.47901469656738,60,26.692,"DERIVED: historical freight route activity + port wait-time; monthly vessel-supply proxy, not broker-reported open positions",DERIVED_PROXY
2024-04-01,Kamarajar Port (Ennore),MR Tanker,5.56,1.35,2024-04-01,64.10660751425162,60,23.739833333333333,"DERIVED: historical freight route activity + port wait-time; monthly vessel-supply proxy, not broker-reported open positions",DERIVED_PROXY
2024-04-01,Kamarajar Port (Ennore),Panamax,4.49,1.11,2024-04-01,44.850385158424146,30,20.572666666666667,"DERIVED: historical freight route activity + port wait-time; monthly vessel-supply proxy, not broker-reported open positions",DERIVED_PROXY
2024-04-01,Kolkata / Haldia Dock Complex (HDC),Handysize,6.52,1.52,2024-04-01,81.2904768460913,90,30.741888888888887,"DERIVED: historical freight route activity + port wait-time; monthly vessel-supply proxy, not broker-reported open positions",DERIVED_PROXY
2024-04-01,Kolkata / Haldia Dock Complex (HDC),MR Tanker,6.53,1.52,2024-04-01,81.55515008390024,90,30.252111111111113,"DERIVED: historical freight route activity + port wait-time; monthly vessel-supply proxy, not broker-reported open positions",DERIVED_PROXY
2024-04-01,Paradip Port,Capesize,6.7,1.62,2024-04-01,84.67214580103692,90,24.484111111111112,"DERIVED: historical freight route activity + port wait-time; monthly vessel-supply proxy, not broker-reported open positions",DERIVED_PROXY
2024-04-01,Paradip Port,MR Tanker,4.32,1.03,2024-04-01,41.81408835953049,30,26.191333333333333,"DERIVED: historical freight route activity + port wait-time; monthly vessel-supply proxy, not broker-reported open positions",DERIVED_PROXY
2024-04-01,V.O. Chidambaranar Port (Tuticorin / VOC Port),MR Tanker,6.81,1.69,2024-04-01,86.59865234257511,90,20.91911111111111,"DERIVED: historical freight route activity + port wait-time; monthly vessel-supply proxy, not broker-reported open positions",DERIVED_PROXY
2024-04-01,V.O. Chidambaranar Port (Tuticorin / VOC Port),Supramax,5.08,1.26,2024-04-01,55.3812704513032,30,20.485666666666663,"DERIVED: historical freight route activity + port wait-time; monthly vessel-supply proxy, not broker-reported open positions",DERIVED_PROXY
2024-04-01,Visakhapatnam Port (Vizag),Capesize,4.1,0.94,2024-04-01,37.795174152119685,30,33.62833333333334,"DERIVED: historical freight route activity + port wait-time; monthly vessel-supply proxy, not broker-reported open positions",DERIVED_PROXY
2024-04-01,Visakhapatnam Port (Vizag),MR Tanker,5.46,1.3,2024-04-01,62.35680998788398,60,26.977833333333333,"DERIVED: historical freight route activity + port wait-time; monthly vessel-supply proxy, not broker-reported open positions",DERIVED_PROXY
2024-04-01,Visakhapatnam Port (Vizag),Panamax,6.49,1.5,2024-04-01,80.8490945931118,90,31.558666666666667,"DERIVED: historical freight route activity + port wait-time; monthly vessel-supply proxy, not broker-reported open positions",DERIVED_PROXY
2024-05-01,Chennai Port,MR Tanker,6.89,1.69,2024-05-01,88.02555423686005,93,22.158709677419356,"DERIVED: historical freight route activity + port wait-time; monthly vessel-supply proxy, not broker-reported open positions",DERIVED_PROXY
2024-05-01,Chennai Port,Panamax,5.57,1.34,2024-05-01,64.27584093235141,62,26.013387096774192,"DERIVED: historical freight route activity + port wait-time; monthly vessel-supply proxy, not broker-reported open positions",DERIVED_PROXY
2024-05-01,Chennai Port,Supramax,6.85,1.67,2024-05-01,87.33681267728738,62,23.433225806451613,"DERIVED: historical freight route activity + port wait-time; monthly vessel-supply proxy, not broker-reported open positions",DERIVED_PROXY
2024-05-01,Kamarajar Port (Ennore),MR Tanker,5.61,1.36,2024-05-01,64.97303705169105,62,24.723225806451612,"DERIVED: historical freight route activity + port wait-time; monthly vessel-supply proxy, not broker-reported open positions",DERIVED_PROXY
2024-05-01,Kamarajar Port (Ennore),Panamax,4.43,1.08,2024-05-01,43.721079615655455,31,23.955806451612904,"DERIVED: historical freight route activity + port wait-time; monthly vessel-supply proxy, not broker-reported open positions",DERIVED_PROXY
2024-05-01,Kolkata / Haldia Dock Complex (HDC),Handysize,6.59,1.52,2024-05-01,82.62585062541909,93,32.15086021505377,"DERIVED: historical freight route activity + port wait-time; monthly vessel-supply proxy, not broker-reported open positions",DERIVED_PROXY
2024-05-01,Kolkata / Haldia Dock Complex (HDC),MR Tanker,6.68,1.57,2024-05-01,84.20438375689226,93,29.229784946236556,"DERIVED: historical freight route activity + port wait-time; monthly vessel-supply proxy, not broker-reported open positions",DERIVED_PROXY
2024-05-01,Paradip Port,Capesize,6.68,1.57,2024-05-01,84.27719175268611,93,29.095053763440863,"DERIVED: historical freight route activity + port wait-time; monthly vessel-supply proxy, not broker-reported open positions",DERIVED_PROXY
2024-05-01,Paradip Port,MR Tanker,4.3,1.02,2024-05-01,41.378207795696795,31,28.291290322580643,"DERIVED: historical freight route activity + port wait-time; monthly vessel-supply proxy, not broker-reported open positions",DERIVED_PROXY
2024-05-01,V.O. Chidambaranar Port (Tuticorin / VOC Port),MR Tanker,6.85,1.67,2024-05-01,87.27248829473048,93,23.55225806451613,"DERIVED: historical freight route activity + port wait-time; monthly vessel-supply proxy, not broker-reported open positions",DERIVED_PROXY
2024-05-01,V.O. Chidambaranar Port (Tuticorin / VOC Port),Supramax,5.26,1.34,2024-05-01,58.6872109480647,31,16.308064516129033,"DERIVED: historical freight route activity + port wait-time; monthly vessel-supply proxy, not broker-reported open positions",DERIVED_PROXY
2024-05-01,Visakhapatnam Port (Vizag),Capesize,4.24,0.99,2024-05-01,40.334026084271756,31,30.223548387096777,"DERIVED: historical freight route activity + port wait-time; monthly vessel-supply proxy, not broker-reported open positions",DERIVED_PROXY
2024-05-01,Visakhapatnam Port (Vizag),MR Tanker,5.58,1.34,2024-05-01,64.43342695357482,62,25.721774193548388,"DERIVED: historical freight route activity + port wait-time; monthly vessel-supply proxy, not broker-reported open positions",DERIVED_PROXY
2024-05-01,Visakhapatnam Port (Vizag),Panamax,6.66,1.56,2024-05-01,83.81169705651327,93,29.956451612903223,"DERIVED: historical freight route activity + port wait-time; monthly vessel-supply proxy, not broker-reported open positions",DERIVED_PROXY
2024-06-01,Chennai Port,MR Tanker,6.58,1.55,2024-06-01,82.50270189103797,90,28.49866666666667,"DERIVED: historical freight route activity + port wait-time; monthly vessel-supply proxy, not broker-reported open positions",DERIVED_PROXY
2024-06-01,Chennai Port,Panamax,5.45,1.29,2024-06-01,62.03311365734222,60,27.576833333333333,"DERIVED: historical freight route activity + port wait-time; monthly vessel-supply proxy, not broker-reported open positions",DERIVED_PROXY
2024-06-01,Chennai Port,Supramax,6.62,1.58,2024-06-01,83.22872195795426,60,27.155166666666666,"DERIVED: historical freight route activity + port wait-time; monthly vessel-supply proxy, not broker-reported open positions",DERIVED_PROXY
2024-06-01,Kamarajar Port (Ennore),MR Tanker,5.35,1.24,2024-06-01,60.22657470408495,60,30.919833333333333,"DERIVED: historical freight route activity + port wait-time; monthly vessel-supply proxy, not broker-reported open positions",DERIVED_PROXY
2024-06-01,Kamarajar Port (Ennore),Panamax,3.99,0.89,2024-06-01,35.89532707464393,30,37.144,"DERIVED: historical freight route activity + port wait-time; monthly vessel-supply proxy, not broker-reported open positions",DERIVED_PROXY
2024-06-01,Kolkata / Haldia Dock Complex (HDC),Handysize,6.15,1.31,2024-06-01,74.70985233516842,90,42.919333333333334,"DERIVED: historical freight route activity + port wait-time; monthly vessel-supply proxy, not broker-reported open positions",DERIVED_PROXY
2024-06-01,Kolkata / Haldia Dock Complex (HDC),MR Tanker,6.23,1.36,2024-06-01,76.1036499461619,90,40.34011111111111,"DERIVED: historical freight route activity + port wait-time; monthly vessel-supply proxy, not broker-reported open positions",DERIVED_PROXY
2024-06-01,Paradip Port,Capesize,6.11,1.29,2024-06-01,74.02847486178909,90,44.18022222222222,"DERIVED: historical freight route activity + port wait-time; monthly vessel-supply proxy, not broker-reported open positions",DERIVED_PROXY
2024-06-01,Paradip Port,MR Tanker,4.09,0.93,2024-06-01,37.624049213881136,30,33.945,"DERIVED: historical freight route activity + port wait-time; monthly vessel-supply proxy, not broker-reported open positions",DERIVED_PROXY
2024-06-01,V.O. Chidambaranar Port (Tuticorin / VOC Port),MR Tanker,6.71,1.63,2024-06-01,84.79451514283699,90,24.25766666666667,"DERIVED: historical freight route activity + port wait-time; monthly vessel-supply proxy, not broker-reported open positions",DERIVED_PROXY
2024-06-01,V.O. Chidambaranar Port (Tuticorin / VOC Port),Supramax,4.84,1.14,2024-06-01,51.166193025216835,30,28.285666666666668,"DERIVED: historical freight route activity + port wait-time; monthly vessel-supply proxy, not broker-reported open positions",DERIVED_PROXY
2024-06-01,Visakhapatnam Port (Vizag),Capesize,3.82,0.82,2024-06-01,32.72987598025865,30,43.001666666666665,"DERIVED: historical freight route activity + port wait-time; monthly vessel-supply proxy, not broker-reported open positions",DERIVED_PROXY
2024-06-01,Visakhapatnam Port (Vizag),MR Tanker,5.07,1.11,2024-06-01,55.2420655162239,60,40.14366666666667,"DERIVED: historical freight route activity + port wait-time; monthly vessel-supply proxy, not broker-reported open positions",DERIVED_PROXY
2024-06-01,Visakhapatnam Port (Vizag),Panamax,6.26,1.37,2024-06-01,76.67238517949366,90,39.28766666666667,"DERIVED: historical freight route activity + port wait-time; monthly vessel-supply proxy, not broker-reported open positions",DERIVED_PROXY
2024-07-01,Chennai Port,MR Tanker,6.34,1.38,2024-07-01,78.15051221516622,93,40.43247311827957,"DERIVED: historical freight route activity + port wait-time; monthly vessel-supply proxy, not broker-reported open positions",DERIVED_PROXY
2024-07-01,Chennai Port,Panamax,5.08,1.09,2024-07-01,55.4942553071849,62,42.26370967741936,"DERIVED: historical freight route activity + port wait-time; monthly vessel-supply proxy, not broker-reported open positions",DERIVED_PROXY
2024-07-01,Chennai Port,Supramax,6.32,1.37,2024-07-01,77.6788291298856,62,41.30532258064516,"DERIVED: historical freight route activity + port wait-time; monthly vessel-supply proxy, not broker-reported open positions",DERIVED_PROXY
2024-07-01,Kamarajar Port (Ennore),MR Tanker,5.04,1.07,2024-07-01,54.730119992989316,62,43.67774193548387,"DERIVED: historical freight route activity + port wait-time; monthly vessel-supply proxy, not broker-reported open positions",DERIVED_PROXY
2024-07-01,Kamarajar Port (Ennore),Panamax,3.94,0.86,2024-07-01,34.91718092553696,31,40.24741935483871,"DERIVED: historical freight route activity + port wait-time; monthly vessel-supply proxy, not broker-reported open positions",DERIVED_PROXY
2024-07-01,Kolkata / Haldia Dock Complex (HDC),Handysize,5.82,1.11,2024-07-01,68.68210255944634,93,57.953763440860214,"DERIVED: historical freight route activity + port wait-time; monthly vessel-supply proxy, not broker-reported open positions",DERIVED_PROXY
2024-07-01,Kolkata / Haldia Dock Complex (HDC),MR Tanker,5.91,1.15,2024-07-01,70.29695252840644,93,54.965483870967745,"DERIVED: historical freight route activity + port wait-time; monthly vessel-supply proxy, not broker-reported open positions",DERIVED_PROXY
2024-07-01,Paradip Port,Capesize,5.61,1.01,2024-07-01,65.0,93,66.03236559139785,"DERIVED: historical freight route activity + port wait-time; monthly vessel-supply proxy, not broker-reported open positions",DERIVED_PROXY
2024-07-01,Paradip Port,MR Tanker,3.37,0.63,2024-07-01,24.59738838524283,31,59.344193548387096,"DERIVED: historical freight route activity + port wait-time; monthly vessel-supply proxy, not broker-reported open positions",DERIVED_PROXY
2024-07-01,V.O. Chidambaranar Port (Tuticorin / VOC Port),MR Tanker,6.58,1.51,2024-07-01,82.42555600331103,93,32.52150537634409,"DERIVED: historical freight route activity + port wait-time; monthly vessel-supply proxy, not broker-reported open positions",DERIVED_PROXY
2024-07-01,V.O. Chidambaranar Port (Tuticorin / VOC Port),Supramax,4.81,1.11,2024-07-01,50.58913725787273,31,31.293548387096774,"DERIVED: historical freight route activity + port wait-time; monthly vessel-supply proxy, not broker-reported open positions",DERIVED_PROXY
2024-07-01,Visakhapatnam Port (Vizag),Capesize,3.57,0.71,2024-07-01,28.20548071630715,31,52.667419354838714,"DERIVED: historical freight route activity + port wait-time; monthly vessel-supply proxy, not broker-reported open positions",DERIVED_PROXY
2024-07-01,Visakhapatnam Port (Vizag),MR Tanker,4.81,0.97,2024-07-01,50.61388247180746,62,51.29483870967742,"DERIVED: historical freight route activity + port wait-time; monthly vessel-supply proxy, not broker-reported open positions",DERIVED_PROXY
2024-07-01,Visakhapatnam Port (Vizag),Panamax,5.75,1.07,2024-07-01,67.42960746819612,93,60.27150537634409,"DERIVED: historical freight route activity + port wait-time; monthly vessel-supply proxy, not broker-reported open positions",DERIVED_PROXY
2024-08-01,Chennai Port,MR Tanker,6.44,1.43,2024-08-01,79.83706614806056,93,37.31150537634409,"DERIVED: historical freight route activity + port wait-time; monthly vessel-supply proxy, not broker-reported open positions",DERIVED_PROXY
2024-08-01,Chennai Port,Panamax,5.21,1.15,2024-08-01,57.73785142018922,62,38.111935483870965,"DERIVED: historical freight route activity + port wait-time; monthly vessel-supply proxy, not broker-reported open positions",DERIVED_PROXY
2024-08-01,Chennai Port,Supramax,6.51,1.47,2024-08-01,81.19008624547469,62,34.80774193548387,"DERIVED: historical freight route activity + port wait-time; monthly vessel-supply proxy, not broker-reported open positions",DERIVED_PROXY
2024-08-01,Kamarajar Port (Ennore),MR Tanker,5.09,1.09,2024-08-01,55.59989372406697,62,42.068225806451615,"DERIVED: historical freight route activity + port wait-time; monthly vessel-supply proxy, not broker-reported open positions",DERIVED_PROXY
2024-08-01,Kamarajar Port (Ennore),Panamax,3.92,0.85,2024-08-01,34.47126826813709,31,41.07258064516129,"DERIVED: historical freight route activity + port wait-time; monthly vessel-supply proxy, not broker-reported open positions",DERIVED_PROXY
2024-08-01,Kolkata / Haldia Dock Complex (HDC),Handysize,5.7,1.05,2024-08-01,66.66003915511247,93,61.695591397849455,"DERIVED: historical freight route activity + port wait-time; monthly vessel-supply proxy, not broker-reported open positions",DERIVED_PROXY
2024-08-01,Kolkata / Haldia Dock Complex (HDC),MR Tanker,5.75,1.08,2024-08-01,67.56900601720605,93,60.013548387096776,"DERIVED: historical freight route activity + port wait-time; monthly vessel-supply proxy, not broker-reported open positions",DERIVED_PROXY
2024-08-01,Paradip Port,Capesize,5.68,1.04,2024-08-01,66.15828572839266,93,62.62408602150538,"DERIVED: historical freight route activity + port wait-time; monthly vessel-supply proxy, not broker-reported open positions",DERIVED_PROXY
2024-08-01,Paradip Port,MR Tanker,3.34,0.62,2024-08-01,24.0803528333085,31,60.30096774193548,"DERIVED: historical freight route activity + port wait-time; monthly vessel-supply proxy, not broker-reported open positions",DERIVED_PROXY
2024-08-01,V.O. Chidambaranar Port (Tuticorin / VOC Port),MR Tanker,6.5,1.47,2024-08-01,80.94272500198352,93,35.26548387096774,"DERIVED: historical freight route activity + port wait-time; monthly vessel-supply proxy, not broker-reported open positions",DERIVED_PROXY
2024-08-01,V.O. Chidambaranar Port (Tuticorin / VOC Port),Supramax,4.78,1.1,2024-08-01,50.02764989685436,31,32.33258064516129,"DERIVED: historical freight route activity + port wait-time; monthly vessel-supply proxy, not broker-reported open positions",DERIVED_PROXY
2024-08-01,Visakhapatnam Port (Vizag),Capesize,3.63,0.73,2024-08-01,29.348153690996813,31,50.55290322580645,"DERIVED: historical freight route activity + port wait-time; monthly vessel-supply proxy, not broker-reported open positions",DERIVED_PROXY
2024-08-01,Visakhapatnam Port (Vizag),MR Tanker,4.8,0.96,2024-08-01,50.42988684636354,62,51.63532258064516,"DERIVED: historical freight route activity + port wait-time; monthly vessel-supply proxy, not broker-reported open positions",DERIVED_PROXY
2024-08-01,Visakhapatnam Port (Vizag),Panamax,5.79,1.09,2024-08-01,68.14862274349791,93,58.94096774193549,"DERIVED: historical freight route activity + port wait-time; monthly vessel-supply proxy, not broker-reported open positions",DERIVED_PROXY
2024-09-01,Chennai Port,MR Tanker,6.26,1.37,2024-09-01,76.7519432648151,90,39.14044444444444,"DERIVED: historical freight route activity + port wait-time; monthly vessel-supply proxy, not broker-reported open positions",DERIVED_PROXY
2024-09-01,Chennai Port,Panamax,5.05,1.1,2024-09-01,54.92620490653833,60,40.72816666666667,"DERIVED: historical freight route activity + port wait-time; monthly vessel-supply proxy, not broker-reported open positions",DERIVED_PROXY
2024-09-01,Chennai Port,Supramax,6.16,1.32,2024-09-01,74.86710714683394,60,42.62833333333333,"DERIVED: historical freight route activity + port wait-time; monthly vessel-supply proxy, not broker-reported open positions",DERIVED_PROXY
2024-09-01,Kamarajar Port (Ennore),MR Tanker,4.96,1.05,2024-09-01,53.27556977859208,60,43.782666666666664,"DERIVED: historical freight route activity + port wait-time; monthly vessel-supply proxy, not broker-reported open positions",DERIVED_PROXY
2024-09-01,Kamarajar Port (Ennore),Panamax,3.61,0.73,2024-09-01,28.949636028812144,30,49.997,"DERIVED: historical freight route activity + port wait-time; monthly vessel-supply proxy, not broker-reported open positions",DERIVED_PROXY
2024-09-01,Kolkata / Haldia Dock Complex (HDC),Handysize,5.66,1.07,2024-09-01,65.92195629632018,90,59.18133333333333,"DERIVED: historical freight route activity + port wait-time; monthly vessel-supply proxy, not broker-reported open positions",DERIVED_PROXY
2024-09-01,Kolkata / Haldia Dock Complex (HDC),MR Tanker,5.63,1.05,2024-09-01,65.35586299185945,90,60.228888888888896,"DERIVED: historical freight route activity + port wait-time; monthly vessel-supply proxy, not broker-reported open positions",DERIVED_PROXY
2024-09-01,Paradip Port,Capesize,5.49,0.99,2024-09-01,62.903225806451616,90,66.52411111111111,"DERIVED: historical freight route activity + port wait-time; monthly vessel-supply proxy, not broker-reported open positions",DERIVED_PROXY
2024-09-01,Paradip Port,MR Tanker,3.38,0.65,2024-09-01,24.816878704594227,30,57.644666666666666,"DERIVED: historical freight route activity + port wait-time; monthly vessel-supply proxy, not broker-reported open positions",DERIVED_PROXY
2024-09-01,V.O. Chidambaranar Port (Tuticorin / VOC Port),MR Tanker,6.37,1.43,2024-09-01,78.74774039538039,90,35.44722222222222,"DERIVED: historical freight route activity + port wait-time; monthly vessel-supply proxy, not broker-reported open positions",DERIVED_PROXY
2024-09-01,V.O. Chidambaranar Port (Tuticorin / VOC Port),Supramax,4.75,1.1,2024-09-01,49.45368272223381,30,31.454666666666665,"DERIVED: historical freight route activity + port wait-time; monthly vessel-supply proxy, not broker-reported open positions",DERIVED_PROXY
2024-09-01,Visakhapatnam Port (Vizag),Capesize,3.33,0.63,2024-09-01,23.950265991051428,30,59.248333333333335,"DERIVED: historical freight route activity + port wait-time; monthly vessel-supply proxy, not broker-reported open positions",DERIVED_PROXY
2024-09-01,Visakhapatnam Port (Vizag),MR Tanker,4.65,0.91,2024-09-01,47.614936953174826,60,54.257666666666665,"DERIVED: historical freight route activity + port wait-time; monthly vessel-supply proxy, not broker-reported open positions",DERIVED_PROXY
2024-09-01,Visakhapatnam Port (Vizag),Panamax,5.73,1.1,2024-09-01,67.13201976309963,90,56.94211111111111,"DERIVED: historical freight route activity + port wait-time; monthly vessel-supply proxy, not broker-reported open positions",DERIVED_PROXY
2024-10-01,Chennai Port,MR Tanker,6.23,1.32,2024-10-01,76.17208712275666,93,44.093548387096774,"DERIVED: historical freight route activity + port wait-time; monthly vessel-supply proxy, not broker-reported open positions",DERIVED_PROXY
2024-10-01,Chennai Port,Panamax,5.08,1.09,2024-10-01,55.51613257008705,62,42.223225806451616,"DERIVED: historical freight route activity + port wait-time; monthly vessel-supply proxy, not broker-reported open positions",DERIVED_PROXY
2024-10-01,Chennai Port,Supramax,6.22,1.31,2024-10-01,75.98050854164546,62,44.44806451612904,"DERIVED: historical freight route activity + port wait-time; monthly vessel-supply proxy, not broker-reported open positions",DERIVED_PROXY
2024-10-01,Kamarajar Port (Ennore),MR Tanker,4.9,1.01,2024-10-01,52.17745306623598,62,48.40145161290322,"DERIVED: historical freight route activity + port wait-time; monthly vessel-supply proxy, not broker-reported open positions",DERIVED_PROXY
2024-10-01,Kamarajar Port (Ennore),Panamax,3.55,0.7,2024-10-01,27.81657096702681,31,53.38709677419355,"DERIVED: historical freight route activity + port wait-time; monthly vessel-supply proxy, not broker-reported open positions",DERIVED_PROXY
2024-10-01,Kolkata / Haldia Dock Complex (HDC),Handysize,5.68,1.04,2024-10-01,66.22714245226793,93,62.49666666666666,"DERIVED: historical freight route activity + port wait-time; monthly vessel-supply proxy, not broker-reported open positions",DERIVED_PROXY
2024-10-01,Kolkata / Haldia Dock Complex (HDC),MR Tanker,5.61,1.01,2024-10-01,65.0,93,65.91967741935484,"DERIVED: historical freight route activity + port wait-time; monthly vessel-supply proxy, not broker-reported open positions",DERIVED_PROXY
2024-10-01,Paradip Port,Capesize,5.61,1.01,2024-10-01,65.0,93,76.27978494623656,"DERIVED: historical freight route activity + port wait-time; monthly vessel-supply proxy, not broker-reported open positions",DERIVED_PROXY
2024-10-01,Paradip Port,MR Tanker,3.2,0.58,2024-10-01,21.666666666666668,31,70.25322580645161,"DERIVED: historical freight route activity + port wait-time; monthly vessel-supply proxy, not broker-reported open positions",DERIVED_PROXY
2024-10-01,V.O. Chidambaranar Port (Tuticorin / VOC Port),MR Tanker,6.48,1.46,2024-10-01,80.71802546508421,93,35.681290322580644,"DERIVED: historical freight route activity + port wait-time; monthly vessel-supply proxy, not broker-reported open positions",DERIVED_PROXY
2024-10-01,V.O. Chidambaranar Port (Tuticorin / VOC Port),Supramax,4.6,1.02,2024-10-01,46.824853472144504,31,38.259354838709676,"DERIVED: historical freight route activity + port wait-time; monthly vessel-supply proxy, not broker-reported open positions",DERIVED_PROXY
2024-10-01,Visakhapatnam Port (Vizag),Capesize,3.2,0.58,2024-10-01,21.666666666666668,31,67.18677419354839,"DERIVED: historical freight route activity + port wait-time; monthly vessel-supply proxy, not broker-reported open positions",DERIVED_PROXY
2024-10-01,Visakhapatnam Port (Vizag),MR Tanker,4.51,0.84,2024-10-01,45.18309164747767,62,61.34451612903226,"DERIVED: historical freight route activity + port wait-time; monthly vessel-supply proxy, not broker-reported open positions",DERIVED_PROXY
2024-10-01,Visakhapatnam Port (Vizag),Panamax,5.61,1.01,2024-10-01,65.0,93,72.13806451612903,"DERIVED: historical freight route activity + port wait-time; monthly vessel-supply proxy, not broker-reported open positions",DERIVED_PROXY
2024-11-01,Chennai Port,MR Tanker,6.24,1.36,2024-11-01,76.23736757333988,90,40.092666666666666,"DERIVED: historical freight route activity + port wait-time; monthly vessel-supply proxy, not broker-reported open positions",DERIVED_PROXY
2024-11-01,Chennai Port,Panamax,5.23,1.18,2024-11-01,58.05860186811649,60,34.931666666666665,"DERIVED: historical freight route activity + port wait-time; monthly vessel-supply proxy, not broker-reported open positions",DERIVED_PROXY
2024-11-01,Chennai Port,Supramax,6.3,1.4,2024-11-01,77.43704345614907,60,37.87266666666667,"DERIVED: historical freight route activity + port wait-time; monthly vessel-supply proxy, not broker-reported open positions",DERIVED_PROXY
2024-11-01,Kamarajar Port (Ennore),MR Tanker,5.07,1.1,2024-11-01,55.20162599134542,60,40.2185,"DERIVED: historical freight route activity + port wait-time; monthly vessel-supply proxy, not broker-reported open positions",DERIVED_PROXY
2024-11-01,Kamarajar Port (Ennore),Panamax,3.86,0.83,2024-11-01,33.456346375959775,30,41.657333333333334,"DERIVED: historical freight route activity + port wait-time; monthly vessel-supply proxy, not broker-reported open positions",DERIVED_PROXY
2024-11-01,Kolkata / Haldia Dock Complex (HDC),Handysize,5.82,1.14,2024-11-01,68.68961696409829,90,54.05977777777778,"DERIVED: historical freight route activity + port wait-time; monthly vessel-supply proxy, not broker-reported open positions",DERIVED_PROXY
2024-11-01,Kolkata / Haldia Dock Complex (HDC),MR Tanker,5.92,1.19,2024-11-01,70.54106870816344,90,50.63366666666666,"DERIVED: historical freight route activity + port wait-time; monthly vessel-supply proxy, not broker-reported open positions",DERIVED_PROXY
2024-11-01,Paradip Port,Capesize,5.49,0.99,2024-11-01,62.903225806451616,90,69.18855555555555,"DERIVED: historical freight route activity + port wait-time; monthly vessel-supply proxy, not broker-reported open positions",DERIVED_PROXY
2024-11-01,Paradip Port,MR Tanker,3.52,0.7,2024-11-01,27.289904259412157,30,53.068333333333335,"DERIVED: historical freight route activity + port wait-time; monthly vessel-supply proxy, not broker-reported open positions",DERIVED_PROXY
2024-11-01,V.O. Chidambaranar Port (Tuticorin / VOC Port),MR Tanker,6.39,1.45,2024-11-01,79.06597273666611,90,34.858333333333334,"DERIVED: historical freight route activity + port wait-time; monthly vessel-supply proxy, not broker-reported open positions",DERIVED_PROXY
2024-11-01,V.O. Chidambaranar Port (Tuticorin / VOC Port),Supramax,4.7,1.08,2024-11-01,48.64092933135767,30,32.958666666666666,"DERIVED: historical freight route activity + port wait-time; monthly vessel-supply proxy, not broker-reported open positions",DERIVED_PROXY
2024-11-01,Visakhapatnam Port (Vizag),Capesize,3.45,0.67,2024-11-01,26.04735707628636,30,55.367666666666665,"DERIVED: historical freight route activity + port wait-time; monthly vessel-supply proxy, not broker-reported open positions",DERIVED_PROXY
2024-11-01,Visakhapatnam Port (Vizag),MR Tanker,4.8,0.98,2024-11-01,50.37166964244088,60,49.156333333333336,"DERIVED: historical freight route activity + port wait-time; monthly vessel-supply proxy, not broker-reported open positions",DERIVED_PROXY
2024-11-01,Visakhapatnam Port (Vizag),Panamax,5.49,0.99,2024-11-01,62.903225806451616,90,64.88433333333333,"DERIVED: historical freight route activity + port wait-time; monthly vessel-supply proxy, not broker-reported open positions",DERIVED_PROXY
2024-12-01,Chennai Port,MR Tanker,6.59,1.52,2024-12-01,82.53119442019309,93,32.326021505376346,"DERIVED: historical freight route activity + port wait-time; monthly vessel-supply proxy, not broker-reported open positions",DERIVED_PROXY
2024-12-01,Chennai Port,Panamax,5.33,1.21,2024-12-01,60.004893683475125,62,33.91677419354839,"DERIVED: historical freight route activity + port wait-time; monthly vessel-supply proxy, not broker-reported open positions",DERIVED_PROXY
2024-12-01,Chennai Port,Supramax,6.51,1.47,2024-12-01,81.11312360347233,62,34.950161290322576,"DERIVED: historical freight route activity + port wait-time; monthly vessel-supply proxy, not broker-reported open positions",DERIVED_PROXY
2024-12-01,Kamarajar Port (Ennore),MR Tanker,5.15,1.12,2024-12-01,56.63326754465589,62,40.155967741935484,"DERIVED: historical freight route activity + port wait-time; monthly vessel-supply proxy, not broker-reported open positions",DERIVED_PROXY
2024-12-01,Kamarajar Port (Ennore),Panamax,4.0,0.88,2024-12-01,35.98995125143173,31,38.26225806451613,"DERIVED: historical freight route activity + port wait-time; monthly vessel-supply proxy, not broker-reported open positions",DERIVED_PROXY
2024-12-01,Kolkata / Haldia Dock Complex (HDC),Handysize,6.11,1.26,2024-12-01,73.95792217485177,93,48.19086021505376,"DERIVED: historical freight route activity + port wait-time; monthly vessel-supply proxy, not broker-reported open positions",DERIVED_PROXY
2024-12-01,Kolkata / Haldia Dock Complex (HDC),MR Tanker,6.04,1.22,2024-12-01,72.64040541776491,93,50.62892473118279,"DERIVED: historical freight route activity + port wait-time; monthly vessel-supply proxy, not broker-reported open positions",DERIVED_PROXY
2024-12-01,Paradip Port,Capesize,5.61,1.01,2024-12-01,65.04123791423379,93,64.69118279569892,"DERIVED: historical freight route activity + port wait-time; monthly vessel-supply proxy, not broker-reported open positions",DERIVED_PROXY
2024-12-01,Paradip Port,MR Tanker,3.51,0.69,2024-12-01,27.13427927779182,31,54.649677419354845,"DERIVED: historical freight route activity + port wait-time; monthly vessel-supply proxy, not broker-reported open positions",DERIVED_PROXY
2024-12-01,V.O. Chidambaranar Port (Tuticorin / VOC Port),MR Tanker,6.55,1.49,2024-12-01,81.84239475368045,93,33.60064516129032,"DERIVED: historical freight route activity + port wait-time; monthly vessel-supply proxy, not broker-reported open positions",DERIVED_PROXY
2024-12-01,V.O. Chidambaranar Port (Tuticorin / VOC Port),Supramax,4.75,1.09,2024-12-01,49.524908652154906,31,33.262903225806454,"DERIVED: historical freight route activity + port wait-time; monthly vessel-supply proxy, not broker-reported open positions",DERIVED_PROXY
2024-12-01,Visakhapatnam Port (Vizag),Capesize,3.73,0.77,2024-12-01,31.178347979519582,31,47.16612903225807,"DERIVED: historical freight route activity + port wait-time; monthly vessel-supply proxy, not broker-reported open positions",DERIVED_PROXY
2024-12-01,Visakhapatnam Port (Vizag),MR Tanker,4.69,0.91,2024-12-01,48.47636057773505,62,55.25032258064516,"DERIVED: historical freight route activity + port wait-time; monthly vessel-supply proxy, not broker-reported open positions",DERIVED_PROXY
2024-12-01,Visakhapatnam Port (Vizag),Panamax,5.79,1.09,2024-12-01,68.18772871410387,93,58.86860215053763,"DERIVED: historical freight route activity + port wait-time; monthly vessel-supply proxy, not broker-reported open positions",DERIVED_PROXY
2025-01-01,Chennai Port,MR Tanker,6.69,1.58,2025-01-01,84.41327820611724,93,28.843225806451613,"DERIVED: historical freight route activity + port wait-time; monthly vessel-supply proxy, not broker-reported open positions",DERIVED_PROXY
2025-01-01,Chennai Port,Panamax,5.54,1.32,2025-01-01,63.78225153069867,62,26.926774193548386,"DERIVED: historical freight route activity + port wait-time; monthly vessel-supply proxy, not broker-reported open positions",DERIVED_PROXY
2025-01-01,Chennai Port,Supramax,6.76,1.61,2025-01-01,85.60127459399062,62,26.64483870967742,"DERIVED: historical freight route activity + port wait-time; monthly vessel-supply proxy, not broker-reported open positions",DERIVED_PROXY
2025-01-01,Kamarajar Port (Ennore),MR Tanker,5.4,1.25,2025-01-01,61.24980581905808,62,31.613064516129032,"DERIVED: historical freight route activity + port wait-time; monthly vessel-supply proxy, not broker-reported open positions",DERIVED_PROXY
2025-01-01,Kamarajar Port (Ennore),Panamax,3.8,0.8,2025-01-01,32.4517615691623,31,44.809677419354834,"DERIVED: historical freight route activity + port wait-time; monthly vessel-supply proxy, not broker-reported open positions",DERIVED_PROXY
2025-01-01,Kolkata / Haldia Dock Complex (HDC),Handysize,6.33,1.37,2025-01-01,77.96910234855136,93,40.76817204301075,"DERIVED: historical freight route activity + port wait-time; monthly vessel-supply proxy, not broker-reported open positions",DERIVED_PROXY
2025-01-01,Kolkata / Haldia Dock Complex (HDC),MR Tanker,6.28,1.35,2025-01-01,76.96972108785025,93,42.61752688172043,"DERIVED: historical freight route activity + port wait-time; monthly vessel-supply proxy, not broker-reported open positions",DERIVED_PROXY
2025-01-01,Paradip Port,Capesize,6.19,1.3,2025-01-01,75.42047385412658,93,45.48440860215054,"DERIVED: historical freight route activity + port wait-time; monthly vessel-supply proxy, not broker-reported open positions",DERIVED_PROXY
2025-01-01,Paradip Port,MR Tanker,3.81,0.8,2025-01-01,32.60673277808665,31,44.52290322580645,"DERIVED: historical freight route activity + port wait-time; monthly vessel-supply proxy, not broker-reported open positions",DERIVED_PROXY
2025-01-01,V.O. Chidambaranar Port (Tuticorin / VOC Port),MR Tanker,6.89,1.69,2025-01-01,88.07767616202133,93,22.06225806451613,"DERIVED: historical freight route activity + port wait-time; monthly vessel-supply proxy, not broker-reported open positions",DERIVED_PROXY
2025-01-01,V.O. Chidambaranar Port (Tuticorin / VOC Port),Supramax,4.97,1.19,2025-01-01,53.53254430251575,31,25.846774193548388,"DERIVED: historical freight route activity + port wait-time; monthly vessel-supply proxy, not broker-reported open positions",DERIVED_PROXY
2025-01-01,Visakhapatnam Port (Vizag),Capesize,4.07,0.91,2025-01-01,37.33553366052853,31,35.77225806451613,"DERIVED: historical freight route activity + port wait-time; monthly vessel-supply proxy, not broker-reported open positions",DERIVED_PROXY
2025-01-01,Visakhapatnam Port (Vizag),MR Tanker,5.1,1.1,2025-01-01,55.720785212693556,62,41.84451612903226,"DERIVED: historical freight route activity + port wait-time; monthly vessel-supply proxy, not broker-reported open positions",DERIVED_PROXY
2025-01-01,Visakhapatnam Port (Vizag),Panamax,6.17,1.29,2025-01-01,75.03621266004457,93,46.19548387096774,"DERIVED: historical freight route activity + port wait-time; monthly vessel-supply proxy, not broker-reported open positions",DERIVED_PROXY
2025-02-01,Chennai Port,MR Tanker,6.57,1.62,2025-02-01,82.2398032695237,84,21.225,"DERIVED: historical freight route activity + port wait-time; monthly vessel-supply proxy, not broker-reported open positions",DERIVED_PROXY
2025-02-01,Chennai Port,Panamax,5.45,1.34,2025-02-01,62.17448480039975,56,22.141785714285714,"DERIVED: historical freight route activity + port wait-time; monthly vessel-supply proxy, not broker-reported open positions",DERIVED_PROXY
2025-02-01,Chennai Port,Supramax,6.41,1.53,2025-02-01,79.30266243578308,56,26.66017857142857,"DERIVED: historical freight route activity + port wait-time; monthly vessel-supply proxy, not broker-reported open positions",DERIVED_PROXY
2025-02-01,Kamarajar Port (Ennore),MR Tanker,5.45,1.34,2025-02-01,62.050773049936325,56,22.370714285714286,"DERIVED: historical freight route activity + port wait-time; monthly vessel-supply proxy, not broker-reported open positions",DERIVED_PROXY
2025-02-01,Kamarajar Port (Ennore),Panamax,4.32,1.05,2025-02-01,41.772577730950964,28,23.681428571428572,"DERIVED: historical freight route activity + port wait-time; monthly vessel-supply proxy, not broker-reported open positions",DERIVED_PROXY
2025-02-01,Kolkata / Haldia Dock Complex (HDC),Handysize,6.13,1.38,2025-02-01,74.27387306183573,84,35.96595238095238,"DERIVED: historical freight route activity + port wait-time; monthly vessel-supply proxy, not broker-reported open positions",DERIVED_PROXY
2025-02-01,Kolkata / Haldia Dock Complex (HDC),MR Tanker,6.19,1.41,2025-02-01,75.35543413765018,84,33.96452380952381,"DERIVED: historical freight route activity + port wait-time; monthly vessel-supply proxy, not broker-reported open positions",DERIVED_PROXY
2025-02-01,Paradip Port,Capesize,6.32,1.48,2025-02-01,77.76392114433244,84,29.507619047619045,"DERIVED: historical freight route activity + port wait-time; monthly vessel-supply proxy, not broker-reported open positions",DERIVED_PROXY
2025-02-01,Paradip Port,MR Tanker,3.95,0.89,2025-02-01,35.01764595837668,28,36.181428571428576,"DERIVED: historical freight route activity + port wait-time; monthly vessel-supply proxy, not broker-reported open positions",DERIVED_PROXY
2025-02-01,V.O. Chidambaranar Port (Tuticorin / VOC Port),MR Tanker,6.54,1.61,2025-02-01,81.76547839372189,84,22.102738095238095,"DERIVED: historical freight route activity + port wait-time; monthly vessel-supply proxy, not broker-reported open positions",DERIVED_PROXY
2025-02-01,V.O. Chidambaranar Port (Tuticorin / VOC Port),Supramax,5.07,1.29,2025-02-01,55.23761079720858,28,16.87142857142857,"DERIVED: historical freight route activity + port wait-time; monthly vessel-supply proxy, not broker-reported open positions",DERIVED_PROXY
2025-02-01,Visakhapatnam Port (Vizag),Capesize,4.2,1.0,2025-02-01,39.545766222609195,28,27.802142857142858,"DERIVED: historical freight route activity + port wait-time; monthly vessel-supply proxy, not broker-reported open positions",DERIVED_PROXY
2025-02-01,Visakhapatnam Port (Vizag),MR Tanker,5.29,1.25,2025-02-01,59.159179756147914,56,27.721607142857145,"DERIVED: historical freight route activity + port wait-time; monthly vessel-supply proxy, not broker-reported open positions",DERIVED_PROXY
2025-02-01,Visakhapatnam Port (Vizag),Panamax,6.24,1.44,2025-02-01,76.28278977099932,84,32.24845238095238,"DERIVED: historical freight route activity + port wait-time; monthly vessel-supply proxy, not broker-reported open positions",DERIVED_PROXY
2025-03-01,Chennai Port,MR Tanker,6.95,1.73,2025-03-01,89.06194961832789,93,20.240860215053765,"DERIVED: historical freight route activity + port wait-time; monthly vessel-supply proxy, not broker-reported open positions",DERIVED_PROXY
2025-03-01,Chennai Port,Panamax,5.71,1.41,2025-03-01,66.86825300605047,62,21.216129032258067,"DERIVED: historical freight route activity + port wait-time; monthly vessel-supply proxy, not broker-reported open positions",DERIVED_PROXY
2025-03-01,Chennai Port,Supramax,6.76,1.62,2025-03-01,85.6701313178659,62,26.517419354838708,"DERIVED: historical freight route activity + port wait-time; monthly vessel-supply proxy, not broker-reported open positions",DERIVED_PROXY
2025-03-01,Kamarajar Port (Ennore),MR Tanker,5.56,1.33,2025-03-01,64.06404113612747,62,26.40532258064516,"DERIVED: historical freight route activity + port wait-time; monthly vessel-supply proxy, not broker-reported open positions",DERIVED_PROXY
2025-03-01,Kamarajar Port (Ennore),Panamax,4.3,1.02,2025-03-01,41.34979350204699,31,28.343870967741935,"DERIVED: historical freight route activity + port wait-time; monthly vessel-supply proxy, not broker-reported open positions",DERIVED_PROXY
2025-03-01,Kolkata / Haldia Dock Complex (HDC),Handysize,6.54,1.49,2025-03-01,81.67312923752122,93,33.913870967741936,"DERIVED: historical freight route activity + port wait-time; monthly vessel-supply proxy, not broker-reported open positions",DERIVED_PROXY
2025-03-01,Kolkata / Haldia Dock Complex (HDC),MR Tanker,6.6,1.52,2025-03-01,82.77071122678707,93,31.88279569892473,"DERIVED: historical freight route activity + port wait-time; monthly vessel-supply proxy, not broker-reported open positions",DERIVED_PROXY
2025-03-01,Paradip Port,Capesize,6.67,1.56,2025-03-01,84.05406110316623,93,29.507956989247308,"DERIVED: historical freight route activity + port wait-time; monthly vessel-supply proxy, not broker-reported open positions",DERIVED_PROXY
2025-03-01,Paradip Port,MR Tanker,4.5,1.11,2025-03-01,44.93086610602102,31,21.71709677419355,"DERIVED: historical freight route activity + port wait-time; monthly vessel-supply proxy, not broker-reported open positions",DERIVED_PROXY
2025-03-01,V.O. Chidambaranar Port (Tuticorin / VOC Port),MR Tanker,6.96,1.73,2025-03-01,89.21076149161445,93,19.96548387096774,"DERIVED: historical freight route activity + port wait-time; monthly vessel-supply proxy, not broker-reported open positions",DERIVED_PROXY
2025-03-01,V.O. Chidambaranar Port (Tuticorin / VOC Port),Supramax,5.27,1.35,2025-03-01,58.90424036888676,31,15.906451612903227,"DERIVED: historical freight route activity + port wait-time; monthly vessel-supply proxy, not broker-reported open positions",DERIVED_PROXY
2025-03-01,Visakhapatnam Port (Vizag),Capesize,4.25,0.99,2025-03-01,40.42240673998002,31,30.06,"DERIVED: historical freight route activity + port wait-time; monthly vessel-supply proxy, not broker-reported open positions",DERIVED_PROXY
2025-03-01,Visakhapatnam Port (Vizag),MR Tanker,5.5,1.3,2025-03-01,62.98055007980656,62,28.41032258064516,"DERIVED: historical freight route activity + port wait-time; monthly vessel-supply proxy, not broker-reported open positions",DERIVED_PROXY
2025-03-01,Visakhapatnam Port (Vizag),Panamax,6.74,1.6,2025-03-01,85.31108853573483,93,27.181827956989245,"DERIVED: historical freight route activity + port wait-time; monthly vessel-supply proxy, not broker-reported open positions",DERIVED_PROXY
2025-04-01,Chennai Port,MR Tanker,6.82,1.69,2025-04-01,86.73777391517116,90,20.661666666666665,"DERIVED: historical freight route activity + port wait-time; monthly vessel-supply proxy, not broker-reported open positions",DERIVED_PROXY
2025-04-01,Chennai Port,Panamax,5.72,1.44,2025-04-01,67.04995645195466,60,18.293166666666664,"DERIVED: historical freight route activity + port wait-time; monthly vessel-supply proxy, not broker-reported open positions",DERIVED_PROXY
2025-04-01,Chennai Port,Supramax,6.81,1.69,2025-04-01,86.63329763708867,60,20.855,"DERIVED: historical freight route activity + port wait-time; monthly vessel-supply proxy, not broker-reported open positions",DERIVED_PROXY
2025-04-01,Kamarajar Port (Ennore),MR Tanker,5.46,1.3,2025-04-01,62.27566074085612,60,27.128,"DERIVED: historical freight route activity + port wait-time; monthly vessel-supply proxy, not broker-reported open positions",DERIVED_PROXY
2025-04-01,Kamarajar Port (Ennore),Panamax,4.31,1.03,2025-04-01,41.501560182852714,30,26.76966666666667,"DERIVED: historical freight route activity + port wait-time; monthly vessel-supply proxy, not broker-reported open positions",DERIVED_PROXY
2025-04-01,Kolkata / Haldia Dock Complex (HDC),Handysize,6.45,1.48,2025-04-01,80.10965472840734,90,32.927,"DERIVED: historical freight route activity + port wait-time; monthly vessel-supply proxy, not broker-reported open positions",DERIVED_PROXY
2025-04-01,Kolkata / Haldia Dock Complex (HDC),MR Tanker,6.39,1.44,2025-04-01,79.01355446611093,90,34.955333333333336,"DERIVED: historical freight route activity + port wait-time; monthly vessel-supply proxy, not broker-reported open positions",DERIVED_PROXY
2025-04-01,Paradip Port,Capesize,6.45,1.48,2025-04-01,80.07621031065334,90,32.98888888888889,"DERIVED: historical freight route activity + port wait-time; monthly vessel-supply proxy, not broker-reported open positions",DERIVED_PROXY
2025-04-01,Paradip Port,MR Tanker,4.2,0.98,2025-04-01,39.65953532135019,30,30.178333333333335,"DERIVED: historical freight route activity + port wait-time; monthly vessel-supply proxy, not broker-reported open positions",DERIVED_PROXY
2025-04-01,V.O. Chidambaranar Port (Tuticorin / VOC Port),MR Tanker,6.77,1.66,2025-04-01,85.89878136709844,90,22.214222222222222,"DERIVED: historical freight route activity + port wait-time; monthly vessel-supply proxy, not broker-reported open positions",DERIVED_PROXY
2025-04-01,V.O. Chidambaranar Port (Tuticorin / VOC Port),Supramax,5.21,1.33,2025-04-01,57.86330258181789,30,15.892666666666665,"DERIVED: historical freight route activity + port wait-time; monthly vessel-supply proxy, not broker-reported open positions",DERIVED_PROXY
2025-04-01,Visakhapatnam Port (Vizag),Capesize,4.41,1.08,2025-04-01,43.46679499988699,30,23.133,"DERIVED: historical freight route activity + port wait-time; monthly vessel-supply proxy, not broker-reported open positions",DERIVED_PROXY
2025-04-01,Visakhapatnam Port (Vizag),MR Tanker,5.43,1.28,2025-04-01,61.691584306920866,60,28.208833333333335,"DERIVED: historical freight route activity + port wait-time; monthly vessel-supply proxy, not broker-reported open positions",DERIVED_PROXY
2025-04-01,Visakhapatnam Port (Vizag),Panamax,6.62,1.57,2025-04-01,83.0913116347406,90,27.409444444444443,"DERIVED: historical freight route activity + port wait-time; monthly vessel-supply proxy, not broker-reported open positions",DERIVED_PROXY
2025-05-01,Chennai Port,MR Tanker,6.91,1.7,2025-05-01,88.3350899061289,93,21.585913978494624,"DERIVED: historical freight route activity + port wait-time; monthly vessel-supply proxy, not broker-reported open positions",DERIVED_PROXY
2025-05-01,Chennai Port,Panamax,5.75,1.43,2025-05-01,67.42015272197229,62,20.19483870967742,"DERIVED: historical freight route activity + port wait-time; monthly vessel-supply proxy, not broker-reported open positions",DERIVED_PROXY
2025-05-01,Chennai Port,Supramax,6.93,1.72,2025-05-01,88.73451701154546,62,20.846774193548388,"DERIVED: historical freight route activity + port wait-time; monthly vessel-supply proxy, not broker-reported open positions",DERIVED_PROXY
2025-05-01,Kamarajar Port (Ennore),MR Tanker,5.75,1.43,2025-05-01,67.46782946622515,62,20.106612903225805,"DERIVED: historical freight route activity + port wait-time; monthly vessel-supply proxy, not broker-reported open positions",DERIVED_PROXY
2025-05-01,Kamarajar Port (Ennore),Panamax,4.27,1.0,2025-05-01,40.841299670289594,31,29.28483870967742,"DERIVED: historical freight route activity + port wait-time; monthly vessel-supply proxy, not broker-reported open positions",DERIVED_PROXY
2025-05-01,Kolkata / Haldia Dock Complex (HDC),Handysize,6.43,1.43,2025-05-01,79.77175394752402,93,37.43236559139785,"DERIVED: historical freight route activity + port wait-time; monthly vessel-supply proxy, not broker-reported open positions",DERIVED_PROXY
2025-05-01,Kolkata / Haldia Dock Complex (HDC),MR Tanker,6.58,1.51,2025-05-01,82.36814634661165,93,32.627741935483876,"DERIVED: historical freight route activity + port wait-time; monthly vessel-supply proxy, not broker-reported open positions",DERIVED_PROXY
2025-05-01,Paradip Port,Capesize,6.76,1.62,2025-05-01,85.6372427898377,93,26.578279569892477,"DERIVED: historical freight route activity + port wait-time; monthly vessel-supply proxy, not broker-reported open positions",DERIVED_PROXY
2025-05-01,Paradip Port,MR Tanker,4.07,0.91,2025-05-01,37.296137155222674,31,35.84516129032258,"DERIVED: historical freight route activity + port wait-time; monthly vessel-supply proxy, not broker-reported open positions",DERIVED_PROXY
2025-05-01,V.O. Chidambaranar Port (Tuticorin / VOC Port),MR Tanker,6.94,1.72,2025-05-01,88.99094293767338,93,20.37225806451613,"DERIVED: historical freight route activity + port wait-time; monthly vessel-supply proxy, not broker-reported open positions",DERIVED_PROXY
2025-05-01,V.O. Chidambaranar Port (Tuticorin / VOC Port),Supramax,5.04,1.23,2025-05-01,54.797764813621406,31,23.50548387096774,"DERIVED: historical freight route activity + port wait-time; monthly vessel-supply proxy, not broker-reported open positions",DERIVED_PROXY
2025-05-01,Visakhapatnam Port (Vizag),Capesize,4.54,1.13,2025-05-01,45.77213838303892,31,20.16032258064516,"DERIVED: historical freight route activity + port wait-time; monthly vessel-supply proxy, not broker-reported open positions",DERIVED_PROXY
2025-05-01,Visakhapatnam Port (Vizag),MR Tanker,5.51,1.31,2025-05-01,63.235581439374975,62,27.938387096774196,"DERIVED: historical freight route activity + port wait-time; monthly vessel-supply proxy, not broker-reported open positions",DERIVED_PROXY
2025-05-01,Visakhapatnam Port (Vizag),Panamax,6.61,1.53,2025-05-01,82.98082592175162,93,31.493978494623658,"DERIVED: historical freight route activity + port wait-time; monthly vessel-supply proxy, not broker-reported open positions",DERIVED_PROXY
2025-06-01,Chennai Port,MR Tanker,6.62,1.57,2025-06-01,83.16918849259865,90,27.265333333333334,"DERIVED: historical freight route activity + port wait-time; monthly vessel-supply proxy, not broker-reported open positions",DERIVED_PROXY
2025-06-01,Chennai Port,Panamax,5.4,1.27,2025-06-01,61.2453985469031,60,29.034499999999998,"DERIVED: historical freight route activity + port wait-time; monthly vessel-supply proxy, not broker-reported open positions",DERIVED_PROXY
2025-06-01,Chennai Port,Supramax,6.56,1.54,2025-06-01,82.11794097727214,60,29.21066666666667,"DERIVED: historical freight route activity + port wait-time; monthly vessel-supply proxy, not broker-reported open positions",DERIVED_PROXY
2025-06-01,Kamarajar Port (Ennore),MR Tanker,5.36,1.25,2025-06-01,60.5035269067605,60,30.407333333333334,"DERIVED: historical freight route activity + port wait-time; monthly vessel-supply proxy, not broker-reported open positions",DERIVED_PROXY
2025-06-01,Kamarajar Port (Ennore),Panamax,4.18,0.97,2025-06-01,39.26702875248514,30,30.904666666666667,"DERIVED: historical freight route activity + port wait-time; monthly vessel-supply proxy, not broker-reported open positions",DERIVED_PROXY
2025-06-01,Kolkata / Haldia Dock Complex (HDC),Handysize,6.19,1.34,2025-06-01,75.40642089955627,90,41.63033333333333,"DERIVED: historical freight route activity + port wait-time; monthly vessel-supply proxy, not broker-reported open positions",DERIVED_PROXY
2025-06-01,Kolkata / Haldia Dock Complex (HDC),MR Tanker,6.1,1.29,2025-06-01,73.71840848246845,90,44.754000000000005,"DERIVED: historical freight route activity + port wait-time; monthly vessel-supply proxy, not broker-reported open positions",DERIVED_PROXY
2025-06-01,Paradip Port,Capesize,6.16,1.32,2025-06-01,74.83912671833599,90,42.68011111111111,"DERIVED: historical freight route activity + port wait-time; monthly vessel-supply proxy, not broker-reported open positions",DERIVED_PROXY
2025-06-01,Paradip Port,MR Tanker,4.12,0.94,2025-06-01,38.217222289270126,30,32.84733333333333,"DERIVED: historical freight route activity + port wait-time; monthly vessel-supply proxy, not broker-reported open positions",DERIVED_PROXY
2025-06-01,V.O. Chidambaranar Port (Tuticorin / VOC Port),MR Tanker,6.59,1.56,2025-06-01,82.53842797463516,90,28.432555555555552,"DERIVED: historical freight route activity + port wait-time; monthly vessel-supply proxy, not broker-reported open positions",DERIVED_PROXY
2025-06-01,V.O. Chidambaranar Port (Tuticorin / VOC Port),Supramax,4.98,1.21,2025-06-01,53.72081815584746,30,23.558333333333334,"DERIVED: historical freight route activity + port wait-time; monthly vessel-supply proxy, not broker-reported open positions",DERIVED_PROXY
2025-06-01,Visakhapatnam Port (Vizag),Capesize,3.95,0.87,2025-06-01,35.064920795402124,30,38.68066666666667,"DERIVED: historical freight route activity + port wait-time; monthly vessel-supply proxy, not broker-reported open positions",DERIVED_PROXY
2025-06-01,Visakhapatnam Port (Vizag),MR Tanker,5.17,1.15,2025-06-01,57.12588088895942,60,36.657666666666664,"DERIVED: historical freight route activity + port wait-time; monthly vessel-supply proxy, not broker-reported open positions",DERIVED_PROXY
2025-06-01,Visakhapatnam Port (Vizag),Panamax,6.23,1.36,2025-06-01,76.19990021844133,90,40.162,"DERIVED: historical freight route activity + port wait-time; monthly vessel-supply proxy, not broker-reported open positions",DERIVED_PROXY
2025-07-01,Chennai Port,MR Tanker,6.44,1.43,2025-07-01,79.94107757062321,93,37.119032258064514,"DERIVED: historical freight route activity + port wait-time; monthly vessel-supply proxy, not broker-reported open positions",DERIVED_PROXY
2025-07-01,Chennai Port,Panamax,5.31,1.2,2025-07-01,59.5866980364453,62,34.69064516129033,"DERIVED: historical freight route activity + port wait-time; monthly vessel-supply proxy, not broker-reported open positions",DERIVED_PROXY
2025-07-01,Chennai Port,Supramax,6.43,1.43,2025-07-01,79.68953262745356,62,37.58451612903225,"DERIVED: historical freight route activity + port wait-time; monthly vessel-supply proxy, not broker-reported open positions",DERIVED_PROXY
2025-07-01,Kamarajar Port (Ennore),MR Tanker,5.15,1.12,2025-07-01,56.76566420739834,62,39.91096774193549,"DERIVED: historical freight route activity + port wait-time; monthly vessel-supply proxy, not broker-reported open positions",DERIVED_PROXY
2025-07-01,Kamarajar Port (Ennore),Panamax,3.81,0.8,2025-07-01,32.605338211527155,31,44.52548387096774,"DERIVED: historical freight route activity + port wait-time; monthly vessel-supply proxy, not broker-reported open positions",DERIVED_PROXY
2025-07-01,Kolkata / Haldia Dock Complex (HDC),Handysize,5.76,1.08,2025-07-01,67.75489011819931,93,59.66956989247312,"DERIVED: historical freight route activity + port wait-time; monthly vessel-supply proxy, not broker-reported open positions",DERIVED_PROXY
2025-07-01,Kolkata / Haldia Dock Complex (HDC),MR Tanker,5.76,1.08,2025-07-01,67.70584786085692,93,59.76032258064516,"DERIVED: historical freight route activity + port wait-time; monthly vessel-supply proxy, not broker-reported open positions",DERIVED_PROXY
2025-07-01,Paradip Port,Capesize,5.65,1.03,2025-07-01,65.74677237946042,93,63.38559139784946,"DERIVED: historical freight route activity + port wait-time; monthly vessel-supply proxy, not broker-reported open positions",DERIVED_PROXY
2025-07-01,Paradip Port,MR Tanker,3.53,0.69,2025-07-01,27.498086829001178,31,53.976451612903226,"DERIVED: historical freight route activity + port wait-time; monthly vessel-supply proxy, not broker-reported open positions",DERIVED_PROXY
2025-07-01,V.O. Chidambaranar Port (Tuticorin / VOC Port),MR Tanker,6.58,1.51,2025-07-01,82.38098798034703,93,32.603978494623654,"DERIVED: historical freight route activity + port wait-time; monthly vessel-supply proxy, not broker-reported open positions",DERIVED_PROXY
2025-07-01,V.O. Chidambaranar Port (Tuticorin / VOC Port),Supramax,4.71,1.07,2025-07-01,48.77306295576489,31,34.6541935483871,"DERIVED: historical freight route activity + port wait-time; monthly vessel-supply proxy, not broker-reported open positions",DERIVED_PROXY
2025-07-01,Visakhapatnam Port (Vizag),Capesize,3.44,0.66,2025-07-01,26.00502900623734,31,56.73935483870968,"DERIVED: historical freight route activity + port wait-time; monthly vessel-supply proxy, not broker-reported open positions",DERIVED_PROXY
2025-07-01,Visakhapatnam Port (Vizag),MR Tanker,4.66,0.9,2025-07-01,47.88332114830801,62,56.34774193548387,"DERIVED: historical freight route activity + port wait-time; monthly vessel-supply proxy, not broker-reported open positions",DERIVED_PROXY
2025-07-01,Visakhapatnam Port (Vizag),Panamax,5.71,1.06,2025-07-01,66.76422489849504,93,61.502795698924736,"DERIVED: historical freight route activity + port wait-time; monthly vessel-supply proxy, not broker-reported open positions",DERIVED_PROXY
2025-08-01,Chennai Port,MR Tanker,6.4,1.41,2025-08-01,79.15297314368622,93,38.57741935483871,"DERIVED: historical freight route activity + port wait-time; monthly vessel-supply proxy, not broker-reported open positions",DERIVED_PROXY
2025-08-01,Chennai Port,Panamax,5.06,1.08,2025-08-01,55.03709895689908,62,43.10967741935484,"DERIVED: historical freight route activity + port wait-time; monthly vessel-supply proxy, not broker-reported open positions",DERIVED_PROXY
2025-08-01,Chennai Port,Supramax,6.4,1.41,2025-08-01,79.16038177853356,62,38.563709677419354,"DERIVED: historical freight route activity + port wait-time; monthly vessel-supply proxy, not broker-reported open positions",DERIVED_PROXY
2025-08-01,Kamarajar Port (Ennore),MR Tanker,4.96,1.03,2025-08-01,53.256586102058456,62,46.40451612903226,"DERIVED: historical freight route activity + port wait-time; monthly vessel-supply proxy, not broker-reported open positions",DERIVED_PROXY
2025-08-01,Kamarajar Port (Ennore),Panamax,3.84,0.82,2025-08-01,33.12202512182161,31,43.56935483870968,"DERIVED: historical freight route activity + port wait-time; monthly vessel-supply proxy, not broker-reported open positions",DERIVED_PROXY
2025-08-01,Kolkata / Haldia Dock Complex (HDC),Handysize,5.69,1.05,2025-08-01,66.34294958364634,93,62.28236559139785,"DERIVED: historical freight route activity + port wait-time; monthly vessel-supply proxy, not broker-reported open positions",DERIVED_PROXY
2025-08-01,Kolkata / Haldia Dock Complex (HDC),MR Tanker,5.8,1.1,2025-08-01,68.45595034904755,93,58.372258064516124,"DERIVED: historical freight route activity + port wait-time; monthly vessel-supply proxy, not broker-reported open positions",DERIVED_PROXY
2025-08-01,Paradip Port,Capesize,5.61,1.01,2025-08-01,65.0,93,66.93075268817205,"DERIVED: historical freight route activity + port wait-time; monthly vessel-supply proxy, not broker-reported open positions",DERIVED_PROXY
2025-08-01,Paradip Port,MR Tanker,3.3,0.61,2025-08-01,23.352737730889782,31,61.64741935483871,"DERIVED: historical freight route activity + port wait-time; monthly vessel-supply proxy, not broker-reported open positions",DERIVED_PROXY
2025-08-01,V.O. Chidambaranar Port (Tuticorin / VOC Port),MR Tanker,6.55,1.49,2025-08-01,81.83455031678326,93,33.61516129032258,"DERIVED: historical freight route activity + port wait-time; monthly vessel-supply proxy, not broker-reported open positions",DERIVED_PROXY
2025-08-01,V.O. Chidambaranar Port (Tuticorin / VOC Port),Supramax,4.75,1.08,2025-08-01,49.42728899298996,31,33.443548387096776,"DERIVED: historical freight route activity + port wait-time; monthly vessel-supply proxy, not broker-reported open positions",DERIVED_PROXY
2025-08-01,Visakhapatnam Port (Vizag),Capesize,3.61,0.73,2025-08-01,29.039082877247807,31,51.12483870967741,"DERIVED: historical freight route activity + port wait-time; monthly vessel-supply proxy, not broker-reported open positions",DERIVED_PROXY
2025-08-01,Visakhapatnam Port (Vizag),MR Tanker,4.6,0.87,2025-08-01,46.88428852924677,62,58.196451612903225,"DERIVED: historical freight route activity + port wait-time; monthly vessel-supply proxy, not broker-reported open positions",DERIVED_PROXY
2025-08-01,Visakhapatnam Port (Vizag),Panamax,5.63,1.02,2025-08-01,65.35495728318112,93,64.11064516129032,"DERIVED: historical freight route activity + port wait-time; monthly vessel-supply proxy, not broker-reported open positions",DERIVED_PROXY
2025-09-01,Chennai Port,MR Tanker,6.26,1.37,2025-09-01,76.62975405452896,90,39.36655555555556,"DERIVED: historical freight route activity + port wait-time; monthly vessel-supply proxy, not broker-reported open positions",DERIVED_PROXY
2025-09-01,Chennai Port,Panamax,5.09,1.12,2025-09-01,55.67519174148137,60,39.34216666666667,"DERIVED: historical freight route activity + port wait-time; monthly vessel-supply proxy, not broker-reported open positions",DERIVED_PROXY
2025-09-01,Chennai Port,Supramax,6.2,1.34,2025-09-01,75.65022890366771,60,41.17916666666667,"DERIVED: historical freight route activity + port wait-time; monthly vessel-supply proxy, not broker-reported open positions",DERIVED_PROXY
2025-09-01,Kamarajar Port (Ennore),MR Tanker,4.95,1.05,2025-09-01,53.11381167907817,60,44.082,"DERIVED: historical freight route activity + port wait-time; monthly vessel-supply proxy, not broker-reported open positions",DERIVED_PROXY
2025-09-01,Kamarajar Port (Ennore),Panamax,3.83,0.82,2025-09-01,32.96350655383275,30,42.56933333333333,"DERIVED: historical freight route activity + port wait-time; monthly vessel-supply proxy, not broker-reported open positions",DERIVED_PROXY
2025-09-01,Kolkata / Haldia Dock Complex (HDC),Handysize,5.56,1.02,2025-09-01,64.03255684665265,90,62.67766666666667,"DERIVED: historical freight route activity + port wait-time; monthly vessel-supply proxy, not broker-reported open positions",DERIVED_PROXY
2025-09-01,Kolkata / Haldia Dock Complex (HDC),MR Tanker,5.76,1.12,2025-09-01,67.72008911226045,90,55.853888888888896,"DERIVED: historical freight route activity + port wait-time; monthly vessel-supply proxy, not broker-reported open positions",DERIVED_PROXY
2025-09-01,Paradip Port,Capesize,5.49,0.99,2025-09-01,62.903225806451616,90,69.8788888888889,"DERIVED: historical freight route activity + port wait-time; monthly vessel-supply proxy, not broker-reported open positions",DERIVED_PROXY
2025-09-01,Paradip Port,MR Tanker,3.24,0.6,2025-09-01,22.330883680772956,30,62.245,"DERIVED: historical freight route activity + port wait-time; monthly vessel-supply proxy, not broker-reported open positions",DERIVED_PROXY
2025-09-01,V.O. Chidambaranar Port (Tuticorin / VOC Port),MR Tanker,6.36,1.43,2025-09-01,78.52611858940199,90,35.85733333333333,"DERIVED: historical freight route activity + port wait-time; monthly vessel-supply proxy, not broker-reported open positions",DERIVED_PROXY
2025-09-01,V.O. Chidambaranar Port (Tuticorin / VOC Port),Supramax,4.7,1.08,2025-09-01,48.5614913337122,30,33.105666666666664,"DERIVED: historical freight route activity + port wait-time; monthly vessel-supply proxy, not broker-reported open positions",DERIVED_PROXY
2025-09-01,Visakhapatnam Port (Vizag),Capesize,3.62,0.74,2025-09-01,29.078069798248023,30,49.75933333333333,"DERIVED: historical freight route activity + port wait-time; monthly vessel-supply proxy, not broker-reported open positions",DERIVED_PROXY
2025-09-01,Visakhapatnam Port (Vizag),MR Tanker,4.54,0.87,2025-09-01,45.77939682617397,60,57.654333333333334,"DERIVED: historical freight route activity + port wait-time; monthly vessel-supply proxy, not broker-reported open positions",DERIVED_PROXY
2025-09-01,Visakhapatnam Port (Vizag),Panamax,5.67,1.07,2025-09-01,66.1435180584606,90,58.77133333333333,"DERIVED: historical freight route activity + port wait-time; monthly vessel-supply proxy, not broker-reported open positions",DERIVED_PROXY
2025-10-01,Chennai Port,MR Tanker,6.17,1.29,2025-10-01,75.05945543603622,93,46.15247311827957,"DERIVED: historical freight route activity + port wait-time; monthly vessel-supply proxy, not broker-reported open positions",DERIVED_PROXY
2025-10-01,Chennai Port,Panamax,5.01,1.06,2025-10-01,54.2453337927434,62,44.574838709677415,"DERIVED: historical freight route activity + port wait-time; monthly vessel-supply proxy, not broker-reported open positions",DERIVED_PROXY
2025-10-01,Chennai Port,Supramax,6.15,1.28,2025-10-01,74.68016238532242,62,46.854354838709675,"DERIVED: historical freight route activity + port wait-time; monthly vessel-supply proxy, not broker-reported open positions",DERIVED_PROXY
2025-10-01,Kamarajar Port (Ennore),MR Tanker,4.83,0.97,2025-10-01,50.93524290336207,62,50.700161290322576,"DERIVED: historical freight route activity + port wait-time; monthly vessel-supply proxy, not broker-reported open positions",DERIVED_PROXY
2025-10-01,Kamarajar Port (Ennore),Panamax,3.78,0.79,2025-10-01,32.1217722570208,31,45.42032258064516,"DERIVED: historical freight route activity + port wait-time; monthly vessel-supply proxy, not broker-reported open positions",DERIVED_PROXY
2025-10-01,Kolkata / Haldia Dock Complex (HDC),Handysize,5.63,1.02,2025-10-01,65.32567138543165,93,64.16483870967741,"DERIVED: historical freight route activity + port wait-time; monthly vessel-supply proxy, not broker-reported open positions",DERIVED_PROXY
2025-10-01,Kolkata / Haldia Dock Complex (HDC),MR Tanker,5.64,1.02,2025-10-01,65.45211208682625,93,63.93086021505376,"DERIVED: historical freight route activity + port wait-time; monthly vessel-supply proxy, not broker-reported open positions",DERIVED_PROXY
2025-10-01,Paradip Port,Capesize,5.61,1.01,2025-10-01,65.0,93,77.67139784946237,"DERIVED: historical freight route activity + port wait-time; monthly vessel-supply proxy, not broker-reported open positions",DERIVED_PROXY
2025-10-01,Paradip Port,MR Tanker,3.2,0.58,2025-10-01,21.666666666666668,31,68.13387096774194,"DERIVED: historical freight route activity + port wait-time; monthly vessel-supply proxy, not broker-reported open positions",DERIVED_PROXY
2025-10-01,V.O. Chidambaranar Port (Tuticorin / VOC Port),MR Tanker,6.25,1.33,2025-10-01,76.52607460110956,93,43.43849462365591,"DERIVED: historical freight route activity + port wait-time; monthly vessel-supply proxy, not broker-reported open positions",DERIVED_PROXY
2025-10-01,V.O. Chidambaranar Port (Tuticorin / VOC Port),Supramax,4.65,1.04,2025-10-01,47.746487647153536,31,36.553870967741936,"DERIVED: historical freight route activity + port wait-time; monthly vessel-supply proxy, not broker-reported open positions",DERIVED_PROXY
2025-10-01,Visakhapatnam Port (Vizag),Capesize,3.3,0.61,2025-10-01,23.424209267064118,31,61.51516129032258,"DERIVED: historical freight route activity + port wait-time; monthly vessel-supply proxy, not broker-reported open positions",DERIVED_PROXY
2025-10-01,Visakhapatnam Port (Vizag),MR Tanker,4.63,0.89,2025-10-01,47.337696981903946,62,57.357419354838704,"DERIVED: historical freight route activity + port wait-time; monthly vessel-supply proxy, not broker-reported open positions",DERIVED_PROXY
2025-10-01,Visakhapatnam Port (Vizag),Panamax,5.61,1.01,2025-10-01,65.0,93,75.2810752688172,"DERIVED: historical freight route activity + port wait-time; monthly vessel-supply proxy, not broker-reported open positions",DERIVED_PROXY
2025-11-01,Chennai Port,MR Tanker,6.17,1.32,2025-11-01,75.02934559705167,90,42.32811111111111,"DERIVED: historical freight route activity + port wait-time; monthly vessel-supply proxy, not broker-reported open positions",DERIVED_PROXY
2025-11-01,Chennai Port,Panamax,5.09,1.12,2025-11-01,55.6325005726787,60,39.421166666666664,"DERIVED: historical freight route activity + port wait-time; monthly vessel-supply proxy, not broker-reported open positions",DERIVED_PROXY
2025-11-01,Chennai Port,Supramax,6.16,1.32,2025-11-01,74.86404491109704,60,42.634,"DERIVED: historical freight route activity + port wait-time; monthly vessel-supply proxy, not broker-reported open positions",DERIVED_PROXY
2025-11-01,Kamarajar Port (Ennore),MR Tanker,5.07,1.11,2025-11-01,55.292322208611864,60,40.050666666666665,"DERIVED: historical freight route activity + port wait-time; monthly vessel-supply proxy, not broker-reported open positions",DERIVED_PROXY
2025-11-01,Kamarajar Port (Ennore),Panamax,3.91,0.85,2025-11-01,34.37681841216923,30,39.95399999999999,"DERIVED: historical freight route activity + port wait-time; monthly vessel-supply proxy, not broker-reported open positions",DERIVED_PROXY
2025-11-01,Kolkata / Haldia Dock Complex (HDC),Handysize,5.9,1.18,2025-11-01,70.12628587540839,90,51.401222222222216,"DERIVED: historical freight route activity + port wait-time; monthly vessel-supply proxy, not broker-reported open positions",DERIVED_PROXY
2025-11-01,Kolkata / Haldia Dock Complex (HDC),MR Tanker,5.9,1.19,2025-11-01,70.26931029747303,90,51.13655555555555,"DERIVED: historical freight route activity + port wait-time; monthly vessel-supply proxy, not broker-reported open positions",DERIVED_PROXY
2025-11-01,Paradip Port,Capesize,5.49,0.99,2025-11-01,62.903225806451616,90,67.02377777777778,"DERIVED: historical freight route activity + port wait-time; monthly vessel-supply proxy, not broker-reported open positions",DERIVED_PROXY
2025-11-01,Paradip Port,MR Tanker,3.38,0.65,2025-11-01,24.843358037142714,30,57.59566666666667,"DERIVED: historical freight route activity + port wait-time; monthly vessel-supply proxy, not broker-reported open positions",DERIVED_PROXY
2025-11-01,V.O. Chidambaranar Port (Tuticorin / VOC Port),MR Tanker,6.43,1.47,2025-11-01,79.70748110162775,90,33.67122222222222,"DERIVED: historical freight route activity + port wait-time; monthly vessel-supply proxy, not broker-reported open positions",DERIVED_PROXY
2025-11-01,V.O. Chidambaranar Port (Tuticorin / VOC Port),Supramax,4.93,1.19,2025-11-01,52.72469088378517,30,25.401666666666664,"DERIVED: historical freight route activity + port wait-time; monthly vessel-supply proxy, not broker-reported open positions",DERIVED_PROXY
2025-11-01,Visakhapatnam Port (Vizag),Capesize,3.23,0.59,2025-11-01,22.16083953161802,30,62.559666666666665,"DERIVED: historical freight route activity + port wait-time; monthly vessel-supply proxy, not broker-reported open positions",DERIVED_PROXY
2025-11-01,Visakhapatnam Port (Vizag),MR Tanker,4.8,0.98,2025-11-01,50.425889228135404,60,49.056000000000004,"DERIVED: historical freight route activity + port wait-time; monthly vessel-supply proxy, not broker-reported open positions",DERIVED_PROXY
2025-11-01,Visakhapatnam Port (Vizag),Panamax,5.65,1.06,2025-11-01,65.63236486575016,90,59.717222222222226,"DERIVED: historical freight route activity + port wait-time; monthly vessel-supply proxy, not broker-reported open positions",DERIVED_PROXY
2025-12-01,Chennai Port,MR Tanker,6.39,1.41,2025-12-01,78.96929710641218,93,38.917311827956986,"DERIVED: historical freight route activity + port wait-time; monthly vessel-supply proxy, not broker-reported open positions",DERIVED_PROXY
2025-12-01,Chennai Port,Panamax,5.31,1.2,2025-12-01,59.622869606582306,62,34.623709677419356,"DERIVED: historical freight route activity + port wait-time; monthly vessel-supply proxy, not broker-reported open positions",DERIVED_PROXY
2025-12-01,Chennai Port,Supramax,6.58,1.51,2025-12-01,82.49287289327685,62,32.39693548387097,"DERIVED: historical freight route activity + port wait-time; monthly vessel-supply proxy, not broker-reported open positions",DERIVED_PROXY
2025-12-01,Kamarajar Port (Ennore),MR Tanker,5.18,1.14,2025-12-01,57.16206975193599,62,39.17741935483871,"DERIVED: historical freight route activity + port wait-time; monthly vessel-supply proxy, not broker-reported open positions",DERIVED_PROXY
2025-12-01,Kamarajar Port (Ennore),Panamax,3.86,0.83,2025-12-01,33.56026766314424,31,42.75838709677419,"DERIVED: historical freight route activity + port wait-time; monthly vessel-supply proxy, not broker-reported open positions",DERIVED_PROXY
2025-12-01,Kolkata / Haldia Dock Complex (HDC),Handysize,6.02,1.21,2025-12-01,72.40797765784836,93,51.05903225806451,"DERIVED: historical freight route activity + port wait-time; monthly vessel-supply proxy, not broker-reported open positions",DERIVED_PROXY
2025-12-01,Kolkata / Haldia Dock Complex (HDC),MR Tanker,6.01,1.2,2025-12-01,72.12976162922828,93,51.57387096774193,"DERIVED: historical freight route activity + port wait-time; monthly vessel-supply proxy, not broker-reported open positions",DERIVED_PROXY
2025-12-01,Paradip Port,Capesize,5.61,1.01,2025-12-01,65.0,93,69.47849462365592,"DERIVED: historical freight route activity + port wait-time; monthly vessel-supply proxy, not broker-reported open positions",DERIVED_PROXY
2025-12-01,Paradip Port,MR Tanker,3.61,0.73,2025-12-01,29.003695750800514,31,51.190322580645166,"DERIVED: historical freight route activity + port wait-time; monthly vessel-supply proxy, not broker-reported open positions",DERIVED_PROXY
2025-12-01,V.O. Chidambaranar Port (Tuticorin / VOC Port),MR Tanker,6.52,1.48,2025-12-01,81.34081564778056,93,34.52881720430107,"DERIVED: historical freight route activity + port wait-time; monthly vessel-supply proxy, not broker-reported open positions",DERIVED_PROXY
2025-12-01,V.O. Chidambaranar Port (Tuticorin / VOC Port),Supramax,4.85,1.13,2025-12-01,51.359286640356174,31,29.868387096774192,"DERIVED: historical freight route activity + port wait-time; monthly vessel-supply proxy, not broker-reported open positions",DERIVED_PROXY
2025-12-01,Visakhapatnam Port (Vizag),Capesize,3.67,0.75,2025-12-01,30.14218502581168,31,49.08354838709677,"DERIVED: historical freight route activity + port wait-time; monthly vessel-supply proxy, not broker-reported open positions",DERIVED_PROXY
2025-12-01,Visakhapatnam Port (Vizag),MR Tanker,4.82,0.97,2025-12-01,50.822283012042625,62,50.909193548387094,"DERIVED: historical freight route activity + port wait-time; monthly vessel-supply proxy, not broker-reported open positions",DERIVED_PROXY
2025-12-01,Visakhapatnam Port (Vizag),Panamax,5.75,1.08,2025-12-01,67.50549513180887,93,60.1310752688172,"DERIVED: historical freight route activity + port wait-time; monthly vessel-supply proxy, not broker-reported open positions",DERIVED_PROXY
2026-01-01,Chennai Port,MR Tanker,2.93,0.65,2026-01-01,16.682469719259217,3,37.776666666666664,"DERIVED: historical freight route activity + port wait-time; monthly vessel-supply proxy, not broker-reported open positions",DERIVED_PROXY
2026-01-01,Chennai Port,Panamax,3.07,0.71,2026-01-01,19.34299772297003,2,31.560000000000002,"DERIVED: historical freight route activity + port wait-time; monthly vessel-supply proxy, not broker-reported open positions",DERIVED_PROXY
2026-01-01,Chennai Port,Supramax,3.17,0.74,2026-01-01,21.117307592346652,2,29.57,"DERIVED: historical freight route activity + port wait-time; monthly vessel-supply proxy, not broker-reported open positions",DERIVED_PROXY
2026-01-01,Kamarajar Port (Ennore),MR Tanker,2.87,0.63,2026-01-01,15.630487220763204,2,38.43,"DERIVED: historical freight route activity + port wait-time; monthly vessel-supply proxy, not broker-reported open positions",DERIVED_PROXY
2026-01-01,Kamarajar Port (Ennore),Panamax,2.84,0.63,2026-01-01,15.050449288777717,1,38.21,"DERIVED: historical freight route activity + port wait-time; monthly vessel-supply proxy, not broker-reported open positions",DERIVED_PROXY
2026-01-01,Kolkata / Haldia Dock Complex (HDC),Handysize,2.58,0.53,2026-01-01,10.446316706818637,3,49.31666666666666,"DERIVED: historical freight route activity + port wait-time; monthly vessel-supply proxy, not broker-reported open positions",DERIVED_PROXY
2026-01-01,Kolkata / Haldia Dock Complex (HDC),MR Tanker,2.69,0.56,2026-01-01,12.371922590787147,3,45.75333333333333,"DERIVED: historical freight route activity + port wait-time; monthly vessel-supply proxy, not broker-reported open positions",DERIVED_PROXY
2026-01-01,Paradip Port,Capesize,2.12,0.38,2026-01-01,2.0967741935483875,3,74.37,"DERIVED: historical freight route activity + port wait-time; monthly vessel-supply proxy, not broker-reported open positions",DERIVED_PROXY
2026-01-01,Paradip Port,MR Tanker,2.93,0.66,2026-01-01,16.69324869586778,1,35.17,"DERIVED: historical freight route activity + port wait-time; monthly vessel-supply proxy, not broker-reported open positions",DERIVED_PROXY
2026-01-01,V.O. Chidambaranar Port (Tuticorin / VOC Port),MR Tanker,3.13,0.73,2026-01-01,20.382371015490573,3,30.929999999999996,"DERIVED: historical freight route activity + port wait-time; monthly vessel-supply proxy, not broker-reported open positions",DERIVED_PROXY
2026-01-01,V.O. Chidambaranar Port (Tuticorin / VOC Port),Supramax,3.29,0.8,2026-01-01,23.159977274702456,1,23.85,"DERIVED: historical freight route activity + port wait-time; monthly vessel-supply proxy, not broker-reported open positions",DERIVED_PROXY
2026-01-01,Visakhapatnam Port (Vizag),Capesize,2.74,0.59,2026-01-01,13.386034100015411,1,41.29,"DERIVED: historical freight route activity + port wait-time; monthly vessel-supply proxy, not broker-reported open positions",DERIVED_PROXY
2026-01-01,Visakhapatnam Port (Vizag),MR Tanker,2.28,0.43,2026-01-01,5.063071955747992,2,57.985,"DERIVED: historical freight route activity + port wait-time; monthly vessel-supply proxy, not broker-reported open positions",DERIVED_PROXY
2026-01-01,Visakhapatnam Port (Vizag),Panamax,2.32,0.44,2026-01-01,5.734076302270812,3,58.03666666666667,"DERIVED: historical freight route activity + port wait-time; monthly vessel-supply proxy, not broker-reported open positions",DERIVED_PROXY
